<?xml version="1.0" ?>

<feature-spec xmlns="urn:jboss:galleon:feature-spec:1.0" name="subsystem.naming.service.remote-naming">
    <annotation name="jboss-op">
        <elem name="name" value="add"/>
        <elem name="op-params" value=""/>
        <elem name="addr-params" value="profile,subsystem,service"/>
    </annotation>
    <annotation name="feature-branch">
        <elem name="id" value="subsystem.naming"/>
    </annotation>
    <provides>
        <capability name="$profile.org.wildfly.naming.remote"/>
    </provides>
    <requires>
        <capability name="$profile.org.wildfly.remoting.endpoint"/>
    </requires>
    <refs>
        <ref feature="subsystem.naming"/>
        <ref feature="profile" nillable="true"/>
    </refs>
    <params>
        <param name="subsystem" feature-id="true" default="naming"/>
        <param name="service" feature-id="true" default="remote-naming"/>
        <param name="profile" feature-id="true" default="GLN_UNDEFINED"/>
    </params>
    <packages>
        <package name="org.jboss.as.remoting"/>
        <package name="org.jboss.remoting"/>
    </packages>
</feature-spec>