<?xml version="1.0" encoding="UTF-8" standalone="no"?>
<licenseSummary>
  <dependencies>
    <dependency>
      <groupId>com.sun.activation</groupId>
      <artifactId>jakarta.activation</artifactId>
      <licenses>
        <license>
          <name>Eclipse Distribution License, Version 1.0</name>
          <url>http://repository.jboss.org/licenses/edl-1.0.txt</url>
          <distribution>repo</distribution>
        </license>
      </licenses>
    </dependency>
    <dependency>
      <groupId>jakarta.enterprise</groupId>
      <artifactId>jakarta.enterprise.cdi-api</artifactId>
      <licenses>
        <license>
          <name>Apache License 2.0</name>
          <url>http://www.apache.org/licenses/LICENSE-2.0</url>
          <distribution>repo</distribution>
        </license>
      </licenses>
    </dependency>
    <dependency>
      <groupId>jakarta.inject</groupId>
      <artifactId>jakarta.inject-api</artifactId>
      <licenses>
        <license>
          <name>Apache License 2.0</name>
          <url>http://www.apache.org/licenses/LICENSE-2.0</url>
          <distribution>repo</distribution>
        </license>
      </licenses>
    </dependency>
    <dependency>
      <groupId>jakarta.json.bind</groupId>
      <artifactId>jakarta.json.bind-api</artifactId>
      <licenses>
        <license>
          <name>Eclipse Public License 2.0</name>
          <url>http://www.eclipse.org/legal/epl-v20.html</url>
          <distribution>repo</distribution>
        </license>
        <license>
          <name>GNU General Public License v2.0 only, with Classpath exception</name>
          <url>https://fedoraproject.org/wiki/Licensing/GPL_Classpath_Exception</url>
          <distribution>repo</distribution>
        </license>
      </licenses>
    </dependency>
    <dependency>
      <groupId>jakarta.validation</groupId>
      <artifactId>jakarta.validation-api</artifactId>
      <licenses>
        <license>
          <name>Apache License 2.0</name>
          <url>http://www.apache.org/licenses/LICENSE-2.0</url>
          <distribution>repo</distribution>
        </license>
      </licenses>
    </dependency>
    <dependency>
      <groupId>org.apache.taglibs</groupId>
      <artifactId>taglibs-standard-compat</artifactId>
      <licenses>
        <license>
          <name>Apache License 2.0</name>
          <url>http://www.apache.org/licenses/LICENSE-2.0</url>
          <distribution>repo</distribution>
        </license>
      </licenses>
    </dependency>
    <dependency>
      <groupId>org.apache.taglibs</groupId>
      <artifactId>taglibs-standard-impl</artifactId>
      <licenses>
        <license>
          <name>Apache License 2.0</name>
          <url>http://www.apache.org/licenses/LICENSE-2.0</url>
          <distribution>repo</distribution>
        </license>
      </licenses>
    </dependency>
    <dependency>
      <groupId>org.apache.taglibs</groupId>
      <artifactId>taglibs-standard-spec</artifactId>
      <licenses>
        <license>
          <name>Apache License 2.0</name>
          <url>http://www.apache.org/licenses/LICENSE-2.0</url>
          <distribution>repo</distribution>
        </license>
      </licenses>
    </dependency>
    <dependency>
      <groupId>org.jboss.spec.javax.annotation</groupId>
      <artifactId>jboss-annotations-api_1.3_spec</artifactId>
      <licenses>
        <license>
          <name>Eclipse Public License 2.0</name>
          <url>http://www.eclipse.org/legal/epl-v20.html</url>
          <distribution>repo</distribution>
        </license>
        <license>
          <name>GNU General Public License, Version 2 with the Classpath Exception</name>
          <url>http://repository.jboss.org/licenses/gpl-2.0-ce.txt</url>
          <distribution>repo</distribution>
        </license>
      </licenses>
    </dependency>
    <dependency>
      <groupId>org.jboss.spec.javax.el</groupId>
      <artifactId>jboss-el-api_3.0_spec</artifactId>
      <licenses>
        <license>
          <name>Apache License 2.0</name>
          <url>http://www.apache.org/licenses/LICENSE-2.0</url>
          <distribution>repo</distribution>
        </license>
        <license>
          <name>Eclipse Public License 2.0</name>
          <url>http://www.eclipse.org/legal/epl-v20.html</url>
          <distribution>repo</distribution>
        </license>
        <license>
          <name>GNU General Public License, Version 2 with the Classpath Exception</name>
          <url>http://repository.jboss.org/licenses/gpl-2.0-ce.txt</url>
          <distribution>repo</distribution>
        </license>
        <license>
          <name>GNU Lesser General Public License v2.1 or later</name>
          <url>http://www.gnu.org/licenses/old-licenses/lgpl-2.1-standalone.html</url>
          <distribution>repo</distribution>
        </license>
      </licenses>
    </dependency>
    <dependency>
      <groupId>org.jboss.spec.javax.enterprise.concurrent</groupId>
      <artifactId>jboss-concurrency-api_1.0_spec</artifactId>
      <licenses>
        <license>
          <name>Eclipse Public License 2.0</name>
          <url>http://www.eclipse.org/legal/epl-v20.html</url>
          <distribution>repo</distribution>
        </license>
        <license>
          <name>GNU General Public License v2.0 only, with Classpath exception</name>
          <url>https://fedoraproject.org/wiki/Licensing/GPL_Classpath_Exception</url>
          <distribution>repo</distribution>
        </license>
      </licenses>
    </dependency>
    <dependency>
      <groupId>org.jboss.spec.javax.servlet</groupId>
      <artifactId>jboss-servlet-api_4.0_spec</artifactId>
      <licenses>
        <license>
          <name>Eclipse Public License 2.0</name>
          <url>http://www.eclipse.org/legal/epl-v20.html</url>
          <distribution>repo</distribution>
        </license>
        <license>
          <name>GNU General Public License v2.0 only, with Classpath exception</name>
          <url>https://fedoraproject.org/wiki/Licensing/GPL_Classpath_Exception</url>
          <distribution>repo</distribution>
        </license>
      </licenses>
    </dependency>
    <dependency>
      <groupId>org.jboss.spec.javax.servlet.jsp</groupId>
      <artifactId>jboss-jsp-api_2.3_spec</artifactId>
      <licenses>
        <license>
          <name>Eclipse Public License 2.0</name>
          <url>http://www.eclipse.org/legal/epl-v20.html</url>
          <distribution>repo</distribution>
        </license>
        <license>
          <name>GNU General Public License v2.0 only, with Classpath exception</name>
          <url>https://fedoraproject.org/wiki/Licensing/GPL_Classpath_Exception</url>
          <distribution>repo</distribution>
        </license>
      </licenses>
    </dependency>
    <dependency>
      <groupId>org.jboss.spec.javax.transaction</groupId>
      <artifactId>jboss-transaction-api_1.3_spec</artifactId>
      <licenses>
        <license>
          <name>Eclipse Public License 2.0</name>
          <url>http://www.eclipse.org/legal/epl-v20.html</url>
          <distribution>repo</distribution>
        </license>
        <license>
          <name>GNU General Public License, Version 2 with the Classpath Exception</name>
          <url>http://repository.jboss.org/licenses/gpl-2.0-ce.txt</url>
          <distribution>repo</distribution>
        </license>
      </licenses>
    </dependency>
    <dependency>
      <groupId>org.jboss.spec.javax.websocket</groupId>
      <artifactId>jboss-websocket-api_1.1_spec</artifactId>
      <licenses>
        <license>
          <name>Eclipse Public License 2.0</name>
          <url>http://www.eclipse.org/legal/epl-v20.html</url>
          <distribution>repo</distribution>
        </license>
        <license>
          <name>GNU General Public License v2.0 only, with Classpath exception</name>
          <url>https://fedoraproject.org/wiki/Licensing/GPL_Classpath_Exception</url>
          <distribution>repo</distribution>
        </license>
      </licenses>
    </dependency>
  </dependencies>
</licenseSummary>
