<?xml version="1.0" ?>
<layer-spec xmlns="urn:jboss:galleon:layer-spec:1.0" name="web-clustering">
    <dependencies>
        <layer name="web-server"/>
        <layer name="transactions"/>
        <layer name="microprofile-metrics"/><!-- Infinispan runtime dependency -->
    </dependencies>

    <origin name="org.wildfly:wildfly-servlet-galleon-pack">
        <feature-group name="private-interface"/>
    </origin>

    <feature-group name="jgroups-all"/>
    <feature-group name="distributable-web"/>
    <feature-group name="infinispan-dist-web"/>
    <packages>
        <!-- The distributable-web subsystem doesn't assume undertow,
             and undertow subysystem doesn't assume clustering, but the
             combination requires the clustering<->undertow integration package -->
        <package name="org.wildfly.clustering.web.undertow"/>
    </packages>
</layer-spec>