<?xml version='1.0' encoding='UTF-8'?>

<server xmlns="urn:jboss:domain:14.0">
    <management>
        <security-realms>
            <security-realm name="ManagementRealm">
                <authentication>
                    <local default-user="$local" skip-group-loading="true"/>
                    <properties path="mgmt-users.properties" relative-to="jboss.server.config.dir"/>
                </authentication>
            </security-realm>
        </security-realms>
        <management-interfaces>
            <http-interface security-realm="ManagementRealm" console-enabled="false">
                <http-upgrade enabled="true"/>
                <socket-binding http="management-http"/>
            </http-interface>
        </management-interfaces>
    </management>
    <interfaces>
        <interface name="management">
            <inet-address value="${jboss.bind.address.management:127.0.0.1}"/>
        </interface>
        <interface name="public">
            <inet-address value="${jboss.bind.address:127.0.0.1}"/>
        </interface>
    </interfaces>
    <socket-binding-group name="standard-sockets" default-interface="public">
        <socket-binding name="management-http" interface="management" port="9990"/>
    </socket-binding-group>
</server>
