<?xml version="1.0" ?>

<feature-spec xmlns="urn:jboss:galleon:feature-spec:1.0" name="subsystem.jgroups">
    <annotation name="jboss-op">
        <elem name="name" value="add"/>
        <elem name="op-params" value="default-channel,default-stack"/>
        <elem name="addr-params" value="profile,subsystem"/>
    </annotation>
    <annotation name="feature-branch">
        <elem name="id" value="subsystem.jgroups"/>
    </annotation>
    <provides>
        <capability name="$profile.org.wildfly.clustering.jgroups.default-channel-module"/>
        <capability name="$profile.org.wildfly.clustering.jgroups.default-channel-cluster"/>
        <capability name="$profile.org.wildfly.clustering.jgroups.default-channel-factory"/>
        <capability name="$profile.org.wildfly.clustering.jgroups.default-channel"/>
        <capability name="$profile.org.wildfly.clustering.default-node-factory"/>
        <capability name="$profile.org.wildfly.clustering.jgroups.default-channel-source"/>
        <capability name="$profile.org.wildfly.clustering.default-command-dispatcher-factory"/>
        <capability name="$profile.org.wildfly.clustering.default-group"/>
    </provides>
    <requires>
        <capability name="$profile.org.wildfly.clustering.jgroups.channel-factory.$default-channel" optional="true"/>
    </requires>
    <refs>
        <ref feature="extension" include="true"/>
        <ref feature="profile" nillable="true"/>
    </refs>
    <params>
        <param name="host" default="GLN_UNDEFINED"/>
        <param name="subsystem" feature-id="true" default="jgroups"/>
        <param name="default-channel" nillable="true"/>
        <param name="default-stack" nillable="true"/>
        <param name="extension" default="org.jboss.as.clustering.jgroups"/>
        <param name="profile" feature-id="true" default="GLN_UNDEFINED"/>
    </params>
    <packages>
        <package name="org.jboss.as.clustering.jgroups"/>
    </packages>
</feature-spec>