<?xml version="1.0" ?>

<feature-spec xmlns="urn:jboss:galleon:feature-spec:1.0" name="subsystem.messaging-activemq.server.connector-service">
    <annotation name="jboss-op">
        <elem name="name" value="add"/>
        <elem name="op-params" value="factory-class,params"/>
        <elem name="addr-params" value="profile,subsystem,server,connector-service"/>
    </annotation>
    <annotation name="feature-branch">
        <elem name="id" value="subsystem.messaging-activemq"/>
    </annotation>
    <refs>
        <ref feature="subsystem.messaging-activemq.server"/>
        <ref feature="subsystem.messaging-activemq"/>
        <ref feature="profile" nillable="true"/>
    </refs>
    <params>
        <param name="subsystem" feature-id="true" default="messaging-activemq"/>
        <param name="server" feature-id="true"/>
        <param name="connector-service" feature-id="true"/>
        <param name="params" nillable="true"/>
        <param name="factory-class"/>
        <param name="profile" feature-id="true" default="GLN_UNDEFINED"/>
    </params>
</feature-spec>