<?xml version="1.0" ?>
<layer-spec xmlns="urn:jboss:galleon:layer-spec:1.0" name="vault">
    <packages>
        <!-- optional dependencies present in full -->
        <!-- bring by jps -->
        <!--<package name="javax.persistence.api" optional="true"/>-->
        <package name="javax.resource.api" optional="true"/>
        <!-- added by security subsystem -->
        <!-- <package name="javax.security.auth.message.api" optional="true"/> -->
        <package name="javax.xml.bind.api"  optional="true"/>
        <!-- added by infinispan -->
        <!-- <package name="org.infinispan"  optional="true"/> -->
        <!-- only required with picketlink -->
        <!--<package name="org.jboss.security.xacml"  optional="true"/>-->
    </packages>
</layer-spec>
