<?xml version='1.0' encoding='UTF-8'?>

<domain xmlns="urn:jboss:domain:14.0">

    <extensions>
        <?EXTENSIONS?>
    </extensions>

    <system-properties>
        <property name="java.net.preferIPv4Stack" value="true"/>
    </system-properties>

    <management>
        <access-control provider="simple">
            <role-mapping>
                <role name="SuperUser">
                    <include>
                        <user name="$local"/>
                    </include>
                </role>
            </role-mapping>
        </access-control>
    </management>

    <profiles>
       <profile name="default">
           <?SUBSYSTEMS socket-binding-group="standard-sockets"?>
       </profile>
    </profiles>

    <interfaces>
        <interface name="management"/>
        <interface name="public"/>
        <interface name="private"/>
        <interface name="unsecure"/>
    </interfaces>

    <socket-binding-groups>
        <socket-binding-group name="standard-sockets" default-interface="public">
            <?SOCKET-BINDINGS?>
        </socket-binding-group>
    </socket-binding-groups>

    <server-groups>
        <server-group name="main-server-group" profile="default">
            <jvm name="default">
                <heap size="64m" max-size="512m"/>
            </jvm>
            <socket-binding-group ref="standard-sockets"/>
        </server-group>
        <server-group name="other-server-group" profile="default">
            <socket-binding-group ref="standard-sockets"/>
        </server-group>
    </server-groups>

    <host-excludes>
        <host-exclude name="WildFly10.0">
            <host-release id="WildFly10.0"/>
            <excluded-extensions>
                <extension module="org.wildfly.extension.core-management"/>
                <extension module="org.wildfly.extension.discovery"/>
                <extension module="org.wildfly.extension.elytron"/>
            </excluded-extensions>
        </host-exclude>
        <host-exclude name="WildFly10.1">
            <host-release id="WildFly10.1"/>
            <excluded-extensions>
                <extension module="org.wildfly.extension.core-management"/>
                <extension module="org.wildfly.extension.discovery"/>
                <extension module="org.wildfly.extension.elytron"/>
            </excluded-extensions>
        </host-exclude>
    </host-excludes>

</domain>
