<?xml version="1.0" ?>

<feature-pack xmlns="urn:jboss:galleon:feature-pack:2.0" location="wildfly-servlet@maven(org.jboss.universe:community-universe):current#22.0.0.Beta1-SNAPSHOT">
    <dependencies>
        <dependency location="org.wildfly.core:wildfly-core-galleon-pack:14.0.0.Beta1">
            <origin>org.wildfly.core:wildfly-core-galleon-pack</origin>
            <default-configs inherit="false"/>
            <packages inherit="false">
                <exclude name="product.conf"/>
            </packages>
        </dependency>
    </dependencies>
    <config model="standalone" name="standalone.xml"/>
    <config model="standalone" name="standalone-load-balancer.xml"/>
    <config model="domain" name="domain.xml"/>
    <config model="host" name="host.xml"/>
    <config model="host" name="host-master.xml"/>
    <config model="host" name="host-slave.xml"/>
    <default-packages>
        <package name="docs"/>
        <package name="docs.licenses.merge"/>
        <package name="modules.all"/>
    </default-packages>
    <plugins>
        <plugin id="wildfly-galleon-plugins" location="org.wildfly.galleon-plugins:wildfly-galleon-plugins:jar:5.0.0.Beta1"/>
    </plugins>
</feature-pack>