<?xml version='1.0' encoding='UTF-8'?>

<host xmlns="urn:jboss:domain:14.0" name="master">
    <extensions>
        <?EXTENSIONS?>
    </extensions>

    <management>
        <security-realms>
            <security-realm name="ManagementRealm">
                <authentication>
                    <local default-user="$local" skip-group-loading="true"/>
                    <properties path="mgmt-users.properties" relative-to="jboss.domain.config.dir"/>
                </authentication>
                <authorization map-groups-to-roles="false">
                    <properties path="mgmt-groups.properties" relative-to="jboss.domain.config.dir"/>
                </authorization>
            </security-realm>
            <security-realm name="ApplicationRealm">
                <server-identities>
                    <ssl>
                        <keystore path="application.keystore" relative-to="jboss.domain.config.dir" keystore-password="password" alias="server" key-password="password" generate-self-signed-certificate-host="localhost"/>
                    </ssl>
                </server-identities>
                <authentication>
                    <local default-user="$local" allowed-users="*" skip-group-loading="true"/>
                    <properties path="application-users.properties" relative-to="jboss.domain.config.dir"/>
                </authentication>
                <authorization>
                    <properties path="application-roles.properties" relative-to="jboss.domain.config.dir"/>
                </authorization>
            </security-realm>
        </security-realms>
        <audit-log>
            <formatters>
                <json-formatter name="json-formatter"/>
            </formatters>
            <handlers>
                <file-handler name="host-file" formatter="json-formatter" path="audit-log.log" relative-to="jboss.domain.data.dir"/>
                <file-handler name="server-file" formatter="json-formatter" path="audit-log.log" relative-to="jboss.server.data.dir"/>
            </handlers>
            <logger log-boot="true" log-read-only="false" enabled="false">
                <handlers>
                    <handler name="host-file"/>
                </handlers>
            </logger>
            <server-logger log-boot="true" log-read-only="false" enabled="false">
                <handlers>
                    <handler name="server-file"/>
                </handlers>
            </server-logger>
        </audit-log>
        <management-interfaces>
            <http-interface security-realm="ManagementRealm">
                <http-upgrade enabled="true"/>
                <socket interface="management" port="${jboss.management.http.port:9990}"/>
            </http-interface>
        </management-interfaces>
    </management>

    <domain-controller>
        <local/>
    </domain-controller>

    <interfaces>
        <interface name="management">
            <inet-address value="${jboss.bind.address.management:127.0.0.1}"/>
        </interface>
        <interface name="public">
            <inet-address value="${jboss.bind.address:127.0.0.1}"/>
        </interface>

        <?INTERFACES?>

    </interfaces>

    <jvms>
        <jvm name="default">
            <heap size="64m" max-size="256m"/>
            <jvm-options>
                <option value="-server"/>
                <option value="-XX:MetaspaceSize=96m"/>
                <option value="-XX:MaxMetaspaceSize=256m"/>
            </jvm-options>
        </jvm>
    </jvms>

    <servers>
        <server name="server-one" group="main-server-group"/>
        <server name="server-two" group="main-server-group" auto-start="true">
            <jvm name="default" />
            <socket-bindings port-offset="150"/>
        </server>
        <server name="server-three" group="other-server-group" auto-start="false">
            <jvm name="default" />
            <socket-bindings port-offset="250"/>
        </server>
    </servers>

    <profile>
        <?SUBSYSTEMS socket-binding-group="standard-sockets"?>
    </profile>
</host>
