<?xml version="1.0" encoding="UTF-8"?>
<feature-group-spec name="basic-ha-profile" xmlns="urn:jboss:galleon:feature-group:1.0">

    <feature-group name="basic-profile">
        <include feature-id="subsystem.undertow:subsystem=undertow">
            <feature spec="subsystem.undertow.server">
                <param name="server" value="default-server"/>
                <feature spec="subsystem.undertow.server.ajp-listener">
                    <param name="ajp-listener" value="ajp"/>
                    <param name="socket-binding" value="ajp"/>
                    <unset param="worker"/>
                    <unset param="buffer-pool"/>
                </feature>
            </feature>
        </include>

        <include feature-id="subsystem.ejb3:subsystem=ejb3">
            <param name="default-sfsb-cache" value="distributable"/>
        </include>
    </feature-group>

    <feature-group name="modcluster"/>
    <feature-group name="infinispan-dist"/>
    <feature-group name="jgroups"/>
    <feature-group name="singleton"/>

</feature-group-spec>
