<?xml version="1.0" encoding="UTF-8"?>
<feature-group-spec name="domain-ha" xmlns="urn:jboss:galleon:feature-group:1.0">

    <feature-group name="domain-interfaces"/>

    <feature spec="domain.socket-binding-group">
        <param name="socket-binding-group" value="ha-sockets"/>
        <param name="default-interface" value="public" />
        <feature-group name="domain-sockets"/>
        <feature-group name="domain-ha-sockets"/>
        <feature-group name="domain-mail-sockets"/>
        <feature-group name="domain-transactions-sockets"/>
        <feature-group name="domain-server-groups"/>
    </feature>

    <feature spec="profile">
        <param name="profile" value="ha"/>
        <feature-group name="domain-ha-profile"/>
    </feature>

    <feature spec="domain.system-property">
        <param name="system-property" value="java.net.preferIPv4Stack"/>
        <param name="value" value="true"/>
    </feature>
    <feature-group name="access-control"/>
    <feature-group name="domain-host-excludes"/>
</feature-group-spec>
