<?xml version="1.0" encoding="UTF-8"?>
<feature-group-spec name="host-master" xmlns="urn:jboss:galleon:feature-group:1.0">
    <origin name="org.wildfly:wildfly-servlet-galleon-pack">
        <feature-group name="host-master"/>
    </origin>
    <feature spec="host">
        <param name="host" value="master"/>
        <feature spec="host.jvm">
            <param name="jvm" value="default"/>
            <param name="jvm-options" value="[&quot;-server&quot;,&quot;-XX:MetaspaceSize=96m&quot;,&quot;-XX:MaxMetaspaceSize=256m&quot;]"/>
        </feature>
    </feature>
</feature-group-spec>
