<?xml version="1.0" encoding="UTF-8"?>
<feature-group-spec name="standalone-ha" xmlns="urn:jboss:galleon:feature-group:1.0">
    <feature spec="server-root">
        <param name="server-root" value="/" />
    </feature>
    <feature-group name="interfaces"/>
    <feature spec="interface">
        <param name="interface" value="private"/>
        <param name="inet-address" value="${jboss.bind.address.private:127.0.0.1}"/>
    </feature>

    <feature spec="socket-binding-group">
        <param name="socket-binding-group" value="standard-sockets" />
        <param name="port-offset" value="${jboss.socket.binding.port-offset:0}"/>
        <param name="default-interface" value="public"/>
        <feature-group name="standalone-sockets"/>
        <feature-group name="ha-sockets"/>
    </feature>

    <feature-group name="security-realms"/>
    <feature-group name="management-audit"/>
    <feature-group name="management-interfaces"/>
    <feature-group name="access-control"/>
    <feature-group name="health"/>
    <feature-group name="metrics" />

    <origin name="org.wildfly:wildfly-servlet-galleon-pack">
        <feature-group name="standalone-profile"/>
    </origin>
    <feature-group name="basic-ha-profile"/>

</feature-group-spec>
