<?xml version="1.0" encoding="UTF-8"?>
<feature-group-spec name="standalone-rts" xmlns="urn:jboss:galleon:feature-group:1.0">

    <feature-group name="standalone"/>

    <feature spec="interface">
        <param name="interface" value="unsecure"/>
        <param name="inet-address" value="${jboss.bind.address.unsecure:127.0.0.1}"/>
    </feature>

    <feature spec="socket-binding-group">
        <param name="socket-binding-group" value="standard-sockets" />
        <feature-group name="iiop-sockets"/>
    </feature>

    <feature-group name="jsr77"/>
    <feature-group name="iiop-openjdk"/>
    <feature-group name="messaging-activemq"/>

    <!-- uncomment to make it the match the legacy configs
    <feature spec="subsystem.ee">
        <feature spec="subsystem.ee.service.default-bindings">
            <unset param="jms-connection-factory"/>
        </feature>
    </feature>
    -->
    <feature spec="subsystem.ejb3">
        <feature spec="subsystem.ejb3.service.iiop">
            <param name="enable-by-default" value="false"/>
            <param name="use-qualified-name" value="false"/>
        </feature>
    </feature>

    <feature spec="subsystem.rts">
        <param name="host-feature" value="default-host"/>
        <param name="socket-binding" value="http"/>
        <param name="server" value="default-server"/>
    </feature>

</feature-group-spec>