<?xml version="1.0" encoding="UTF-8"?>
<feature-group-spec name="standalone-jts" xmlns="urn:jboss:galleon:feature-group:1.0">

    <feature-group name="standalone">
        <feature spec="subsystem.ee">
            <feature spec="subsystem.ee.service.default-bindings">
                <unset param="jms-connection-factory"/>
            </feature>
        </feature>
        <feature spec="subsystem.transactions">
            <param name="jts" value="true"/>
        </feature>
    </feature-group>

    <feature spec="interface">
        <param name="interface" value="unsecure"/>
        <param name="inet-address" value="${jboss.bind.address.unsecure:127.0.0.1}"/>
    </feature>

    <feature spec="socket-binding-group">
        <param name="socket-binding-group" value="standard-sockets" />
        <param name="port-offset" value="${jboss.socket.binding.port-offset:0}"/>
        <param name="default-interface" value="public"/>
        <feature-group name="iiop-sockets"/>
    </feature>

    <feature-group name="iiop-openjdk"/>
</feature-group-spec>