<?xml version="1.0" ?>

<feature-spec xmlns="urn:jboss:galleon:feature-spec:1.0" name="subsystem.ejb3.passivation-store">
    <annotation name="jboss-op">
        <elem name="name" value="add"/>
        <elem name="op-params" value="bean-cache,cache-container,max-size"/>
        <elem name="addr-params" value="profile,subsystem,passivation-store"/>
    </annotation>
    <annotation name="feature-branch">
        <elem name="id" value="subsystem.ejb3"/>
    </annotation>
    <provides>
        <capability name="$profile.org.wildfly.ejb.passivation-store.$passivation-store"/>
    </provides>
    <requires>
        <capability name="$profile.org.wildfly.clustering.infinispan.cache-configuration.$cache-container.$bean-cache" optional="true"/>
        <capability name="$profile.org.wildfly.clustering.infinispan.default-cache-configuration.$cache-container" optional="true"/>
    </requires>
    <refs>
        <ref feature="subsystem.ejb3"/>
        <ref feature="profile" nillable="true"/>
    </refs>
    <params>
        <param name="cache-container" nillable="true" default="ejb"/>
        <param name="max-size" nillable="true"/>
        <param name="subsystem" feature-id="true" default="ejb3"/>
        <param name="bean-cache" nillable="true"/>
        <param name="passivation-store" feature-id="true"/>
        <param name="profile" feature-id="true" default="GLN_UNDEFINED"/>
    </params>
</feature-spec>