<?xml version="1.0" ?>

<feature-spec xmlns="urn:jboss:galleon:feature-spec:1.0" name="subsystem.ejb3.service.iiop">
    <annotation name="jboss-op">
        <elem name="name" value="add"/>
        <elem name="op-params" value="enable-by-default,use-qualified-name"/>
        <elem name="addr-params" value="profile,subsystem,service"/>
    </annotation>
    <annotation name="feature-branch">
        <elem name="id" value="subsystem.ejb3"/>
    </annotation>
    <provides>
        <capability name="$profile.org.wildfly.ejb3.iiop.settings-service"/>
    </provides>
    <refs>
        <ref feature="subsystem.ejb3"/>
        <ref feature="profile" nillable="true"/>
    </refs>
    <params>
        <param name="use-qualified-name"/>
        <param name="subsystem" feature-id="true" default="ejb3"/>
        <param name="service" feature-id="true" default="iiop"/>
        <param name="enable-by-default"/>
        <param name="profile" feature-id="true" default="GLN_UNDEFINED"/>
    </params>
</feature-spec>