<?xml version="1.0" ?>

<feature-spec xmlns="urn:jboss:galleon:feature-spec:1.0" name="subsystem.messaging-activemq.server">
    <annotation name="jboss-op">
        <elem name="name" value="add"/>
        <elem name="op-params" value="async-connection-execution-enabled,connection-ttl-override,id-cache-size,incoming-interceptors,outgoing-interceptors,page-max-concurrent-io,persist-delivery-count-before-delivery,persist-id-cache,persistence-enabled,scheduled-thread-pool-max-size,thread-pool-max-size,wild-card-routing-enabled,cluster-credential-reference,cluster-password,cluster-user,memory-measure-interval,memory-warning-threshold,perf-blast-pages,run-sync-speed-test,server-dump-interval,create-bindings-dir,create-journal-dir,disk-scan-period,global-max-disk-usage,global-max-memory-size,journal-bindings-table,journal-buffer-size,journal-buffer-timeout,journal-compact-min-files,journal-compact-percentage,journal-database,journal-datasource,journal-file-open-timeout,journal-file-size,journal-jdbc-lock-expiration,journal-jdbc-lock-renew-period,journal-jdbc-network-timeout,journal-jms-bindings-table,journal-large-messages-table,journal-max-io,journal-messages-table,journal-min-files,journal-node-manager-store-table,journal-page-store-table,journal-pool-files,journal-sync-non-transactional,journal-sync-transactional,journal-type,log-journal-write-rate,jmx-domain,jmx-management-enabled,management-address,management-notification-address,message-expiry-scan-period,message-expiry-thread-priority,elytron-domain,override-in-vm-security,security-domain,security-enabled,security-invalidation-interval,message-counter-max-day-history,message-counter-sample-period,statistics-enabled,transaction-timeout,transaction-timeout-scan-period"/>
        <elem name="addr-params" value="profile,subsystem,server"/>
    </annotation>
    <annotation name="feature-branch">
        <elem name="id" value="subsystem.messaging-activemq"/>
    </annotation>
    <provides>
        <capability name="$profile.org.wildfly.messaging.activemq.server.$server"/>
    </provides>
    <requires>
        <capability name="$profile.org.wildfly.data-source.$journal-datasource" optional="true"/>
        <capability name="$profile.org.wildfly.security.security-domain.$elytron-domain" optional="true"/>
    </requires>
    <refs>
        <ref feature="subsystem.messaging-activemq"/>
        <ref feature="profile" nillable="true"/>
    </refs>
    <params>
        <param name="global-max-memory-size" nillable="true"/>
        <param name="journal-min-files" nillable="true"/>
        <param name="security-invalidation-interval" nillable="true"/>
        <param name="management-notification-address" nillable="true"/>
        <param name="journal-buffer-size" nillable="true"/>
        <param name="journal-large-messages-table" nillable="true"/>
        <param name="outgoing-interceptors" nillable="true"/>
        <param name="subsystem" feature-id="true" default="messaging-activemq"/>
        <param name="override-in-vm-security" nillable="true"/>
        <param name="cluster-credential-reference" nillable="true"/>
        <param name="statistics-enabled" nillable="true"/>
        <param name="id-cache-size" nillable="true"/>
        <param name="connection-ttl-override" nillable="true"/>
        <param name="create-journal-dir" nillable="true"/>
        <param name="server-dump-interval" nillable="true"/>
        <param name="async-connection-execution-enabled" nillable="true"/>
        <param name="incoming-interceptors" nillable="true"/>
        <param name="disk-scan-period" nillable="true"/>
        <param name="profile" feature-id="true" default="GLN_UNDEFINED"/>
        <param name="wild-card-routing-enabled" nillable="true"/>
        <param name="cluster-user" nillable="true"/>
        <param name="journal-max-io" nillable="true"/>
        <param name="journal-node-manager-store-table" nillable="true"/>
        <param name="log-journal-write-rate" nillable="true"/>
        <param name="journal-type" nillable="true"/>
        <param name="message-expiry-thread-priority" nillable="true"/>
        <param name="elytron-domain" nillable="true"/>
        <param name="journal-messages-table" nillable="true"/>
        <param name="security-domain" nillable="true"/>
        <param name="message-counter-sample-period" nillable="true"/>
        <param name="journal-file-open-timeout" nillable="true"/>
        <param name="persist-id-cache" nillable="true"/>
        <param name="journal-database" nillable="true"/>
        <param name="transaction-timeout" nillable="true"/>
        <param name="persistence-enabled" nillable="true"/>
        <param name="run-sync-speed-test" nillable="true"/>
        <param name="journal-buffer-timeout" nillable="true"/>
        <param name="journal-jdbc-lock-renew-period" nillable="true"/>
        <param name="scheduled-thread-pool-max-size" nillable="true"/>
        <param name="journal-compact-min-files" nillable="true"/>
        <param name="management-address" nillable="true"/>
        <param name="cluster-password" nillable="true"/>
        <param name="global-max-disk-usage" nillable="true"/>
        <param name="journal-sync-transactional" nillable="true"/>
        <param name="server" feature-id="true"/>
        <param name="persist-delivery-count-before-delivery" nillable="true"/>
        <param name="journal-bindings-table" nillable="true"/>
        <param name="journal-jdbc-network-timeout" nillable="true"/>
        <param name="thread-pool-max-size" nillable="true"/>
        <param name="journal-sync-non-transactional" nillable="true"/>
        <param name="message-expiry-scan-period" nillable="true"/>
        <param name="memory-measure-interval" nillable="true"/>
        <param name="create-bindings-dir" nillable="true"/>
        <param name="journal-compact-percentage" nillable="true"/>
        <param name="journal-page-store-table" nillable="true"/>
        <param name="security-enabled" nillable="true"/>
        <param name="journal-datasource" nillable="true"/>
        <param name="journal-jms-bindings-table" nillable="true"/>
        <param name="perf-blast-pages" nillable="true"/>
        <param name="journal-jdbc-lock-expiration" nillable="true"/>
        <param name="journal-pool-files" nillable="true"/>
        <param name="jmx-management-enabled" nillable="true"/>
        <param name="memory-warning-threshold" nillable="true"/>
        <param name="journal-file-size" nillable="true"/>
        <param name="page-max-concurrent-io" nillable="true"/>
        <param name="jmx-domain" nillable="true"/>
        <param name="transaction-timeout-scan-period" nillable="true"/>
        <param name="message-counter-max-day-history" nillable="true"/>
    </params>
</feature-spec>