<?xml version="1.0" ?>

<feature-spec xmlns="urn:jboss:galleon:feature-spec:1.0" name="subsystem.infinispan.cache-container.replicated-cache.store.hotrod.property">
    <annotation name="jboss-op">
        <elem name="name" value="add"/>
        <elem name="op-params" value="value"/>
        <elem name="addr-params" value="profile,subsystem,cache-container,replicated-cache,store,property"/>
    </annotation>
    <annotation name="feature-branch">
        <elem name="id" value="subsystem.infinispan"/>
    </annotation>
    <refs>
        <ref feature="subsystem.infinispan.cache-container.replicated-cache.store.hotrod"/>
        <ref feature="subsystem.infinispan.cache-container.replicated-cache"/>
        <ref feature="subsystem.infinispan.cache-container"/>
        <ref feature="subsystem.infinispan"/>
        <ref feature="profile" nillable="true"/>
    </refs>
    <params>
        <param name="profile" feature-id="true" default="GLN_UNDEFINED"/>
        <param name="cache-container" feature-id="true"/>
        <param name="property" feature-id="true"/>
        <param name="subsystem" feature-id="true" default="infinispan"/>
        <param name="replicated-cache" feature-id="true"/>
        <param name="store" feature-id="true" default="hotrod"/>
        <param name="value"/>
    </params>
</feature-spec>