<?xml version="1.0" ?>

<feature-spec xmlns="urn:jboss:galleon:feature-spec:1.0" name="subsystem.picketlink-identity-management.partition-manager.identity-configuration.ldap-store.mapping.attribute">
    <annotation name="jboss-op">
        <elem name="name" value="add"/>
        <elem name="op-params" value="is-identifier,ldap-name,name,read-only"/>
        <elem name="addr-params" value="profile,subsystem,partition-manager,identity-configuration,ldap-store,mapping,attribute"/>
    </annotation>
    <annotation name="feature-branch">
        <elem name="id" value="subsystem.picketlink-identity-management"/>
    </annotation>
    <refs>
        <ref feature="subsystem.picketlink-identity-management.partition-manager.identity-configuration.ldap-store.mapping"/>
        <ref feature="subsystem.picketlink-identity-management.partition-manager.identity-configuration.ldap-store"/>
        <ref feature="subsystem.picketlink-identity-management.partition-manager.identity-configuration"/>
        <ref feature="subsystem.picketlink-identity-management.partition-manager"/>
        <ref feature="subsystem.picketlink-identity-management"/>
        <ref feature="profile" nillable="true"/>
    </refs>
    <params>
        <param name="mapping" feature-id="true"/>
        <param name="ldap-store" feature-id="true"/>
        <param name="profile" feature-id="true" default="GLN_UNDEFINED"/>
        <param name="partition-manager" feature-id="true"/>
        <param name="name"/>
        <param name="subsystem" feature-id="true" default="picketlink-identity-management"/>
        <param name="identity-configuration" feature-id="true"/>
        <param name="attribute" feature-id="true"/>
        <param name="is-identifier" nillable="true"/>
        <param name="ldap-name"/>
        <param name="read-only" nillable="true"/>
    </params>
</feature-spec>