<?xml version="1.0" encoding="UTF-8" standalone="no"?>
<licenseSummary>
  <dependencies>
    <dependency>
      <groupId>io.undertow</groupId>
      <artifactId>undertow-servlet</artifactId>
      <licenses>
        <license>
          <name>Apache License 2.0</name>
          <url>http://www.apache.org/licenses/LICENSE-2.0</url>
          <distribution>repo</distribution>
        </license>
      </licenses>
    </dependency>
    <dependency>
      <groupId>io.undertow</groupId>
      <artifactId>undertow-websockets-jsr</artifactId>
      <licenses>
        <license>
          <name>Apache License 2.0</name>
          <url>http://www.apache.org/licenses/LICENSE-2.0</url>
          <distribution>repo</distribution>
        </license>
      </licenses>
    </dependency>
    <dependency>
      <groupId>io.undertow.jastow</groupId>
      <artifactId>jastow</artifactId>
      <licenses>
        <license>
          <name>Apache License 2.0</name>
          <url>http://www.apache.org/licenses/LICENSE-2.0</url>
          <distribution>repo</distribution>
        </license>
      </licenses>
    </dependency>
    <dependency>
      <groupId>org.eclipse</groupId>
      <artifactId>yasson</artifactId>
      <licenses>
        <license>
          <name>Eclipse Distribution License, Version 1.0</name>
          <url>http://repository.jboss.org/licenses/edl-1.0.txt</url>
          <distribution>repo</distribution>
        </license>
        <license>
          <name>Eclipse Public License 1.0</name>
          <url>http://repository.jboss.org/licenses/epl-1.0.txt</url>
          <distribution>repo</distribution>
        </license>
      </licenses>
    </dependency>
    <dependency>
      <groupId>org.eclipse.jdt.core.compiler</groupId>
      <artifactId>ecj</artifactId>
      <licenses>
        <license>
          <name>Eclipse Public License 1.0</name>
          <url>http://repository.jboss.org/licenses/epl-1.0.txt</url>
          <distribution>repo</distribution>
        </license>
      </licenses>
    </dependency>
    <dependency>
      <groupId>org.glassfish</groupId>
      <artifactId>jakarta.el</artifactId>
      <licenses>
        <license>
          <name>Eclipse Public License 2.0</name>
          <url>http://www.eclipse.org/legal/epl-v20.html</url>
          <distribution>repo</distribution>
        </license>
        <license>
          <name>GNU General Public License v2.0 only, with Classpath exception</name>
          <url>https://fedoraproject.org/wiki/Licensing/GPL_Classpath_Exception</url>
          <distribution>repo</distribution>
        </license>
      </licenses>
    </dependency>
    <dependency>
      <groupId>org.glassfish</groupId>
      <artifactId>jakarta.enterprise.concurrent</artifactId>
      <licenses>
        <license>
          <name>Eclipse Public License 2.0</name>
          <url>http://www.eclipse.org/legal/epl-v20.html</url>
          <distribution>repo</distribution>
        </license>
        <license>
          <name>GNU General Public License v2.0 only, with Classpath exception</name>
          <url>https://fedoraproject.org/wiki/Licensing/GPL_Classpath_Exception</url>
          <distribution>repo</distribution>
        </license>
      </licenses>
    </dependency>
    <dependency>
      <groupId>org.jboss.common</groupId>
      <artifactId>jboss-common-beans</artifactId>
      <licenses>
        <license>
          <name>GNU Lesser General Public License v2.1 or later</name>
          <url>http://www.gnu.org/licenses/old-licenses/lgpl-2.1-standalone.html</url>
          <distribution>repo</distribution>
        </license>
      </licenses>
    </dependency>
    <dependency>
      <groupId>${project.groupId}</groupId>
      <artifactId>wildfly-clustering-common</artifactId>
      <licenses>
        <license>
          <name>GNU Lesser General Public License v2.1 or later</name>
          <url>http://www.gnu.org/licenses/old-licenses/lgpl-2.1-standalone.html</url>
          <distribution>repo</distribution>
        </license>
      </licenses>
    </dependency>
    <dependency>
      <groupId>${project.groupId}</groupId>
      <artifactId>wildfly-clustering-service</artifactId>
      <licenses>
        <license>
          <name>GNU Lesser General Public License v2.1 or later</name>
          <url>http://www.gnu.org/licenses/old-licenses/lgpl-2.1-standalone.html</url>
          <distribution>repo</distribution>
        </license>
      </licenses>
    </dependency>
    <dependency>
      <groupId>${project.groupId}</groupId>
      <artifactId>wildfly-clustering-web-container</artifactId>
      <licenses>
        <license>
          <name>GNU Lesser General Public License v2.1 or later</name>
          <url>http://www.gnu.org/licenses/old-licenses/lgpl-2.1-standalone.html</url>
          <distribution>repo</distribution>
        </license>
      </licenses>
    </dependency>
    <dependency>
      <groupId>${project.groupId}</groupId>
      <artifactId>wildfly-ee</artifactId>
      <licenses>
        <license>
          <name>GNU Lesser General Public License v2.1 or later</name>
          <url>http://www.gnu.org/licenses/old-licenses/lgpl-2.1-standalone.html</url>
          <distribution>repo</distribution>
        </license>
      </licenses>
    </dependency>
    <dependency>
      <groupId>${project.groupId}</groupId>
      <artifactId>wildfly-naming</artifactId>
      <licenses>
        <license>
          <name>GNU Lesser General Public License v2.1 or later</name>
          <url>http://www.gnu.org/licenses/old-licenses/lgpl-2.1-standalone.html</url>
          <distribution>repo</distribution>
        </license>
      </licenses>
    </dependency>
    <dependency>
      <groupId>${project.groupId}</groupId>
      <artifactId>wildfly-security</artifactId>
      <licenses>
        <license>
          <name>GNU Lesser General Public License v2.1 or later</name>
          <url>http://www.gnu.org/licenses/old-licenses/lgpl-2.1-standalone.html</url>
          <distribution>repo</distribution>
        </license>
      </licenses>
    </dependency>
    <dependency>
      <groupId>${project.groupId}</groupId>
      <artifactId>wildfly-security-integration</artifactId>
      <licenses>
        <license>
          <name>GNU Lesser General Public License v2.1 or later</name>
          <url>http://www.gnu.org/licenses/old-licenses/lgpl-2.1-standalone.html</url>
          <distribution>repo</distribution>
        </license>
      </licenses>
    </dependency>
    <dependency>
      <groupId>${project.groupId}</groupId>
      <artifactId>wildfly-security-plugins</artifactId>
      <licenses>
        <license>
          <name>GNU Lesser General Public License v2.1 or later</name>
          <url>http://www.gnu.org/licenses/old-licenses/lgpl-2.1-standalone.html</url>
          <distribution>repo</distribution>
        </license>
      </licenses>
    </dependency>
    <dependency>
      <groupId>${project.groupId}</groupId>
      <artifactId>wildfly-undertow</artifactId>
      <licenses>
        <license>
          <name>GNU Lesser General Public License v2.1 or later</name>
          <url>http://www.gnu.org/licenses/old-licenses/lgpl-2.1-standalone.html</url>
          <distribution>repo</distribution>
        </license>
      </licenses>
    </dependency>
    <dependency>
      <groupId>${project.groupId}</groupId>
      <artifactId>wildfly-web-common</artifactId>
      <licenses>
        <license>
          <name>GNU Lesser General Public License v2.1 or later</name>
          <url>http://www.gnu.org/licenses/old-licenses/lgpl-2.1-standalone.html</url>
          <distribution>repo</distribution>
        </license>
      </licenses>
    </dependency>
    <dependency>
      <groupId>org.jboss.metadata</groupId>
      <artifactId>jboss-metadata-common</artifactId>
      <licenses>
        <license>
          <name>GNU Lesser General Public License v2.1 only</name>
          <url>http://www.gnu.org/licenses/old-licenses/lgpl-2.1.html</url>
          <distribution>repo</distribution>
        </license>
      </licenses>
    </dependency>
    <dependency>
      <groupId>org.jboss.metadata</groupId>
      <artifactId>jboss-metadata-ear</artifactId>
      <licenses>
        <license>
          <name>GNU Lesser General Public License v2.1 only</name>
          <url>http://www.gnu.org/licenses/old-licenses/lgpl-2.1.html</url>
          <distribution>repo</distribution>
        </license>
      </licenses>
    </dependency>
    <dependency>
      <groupId>org.jboss.metadata</groupId>
      <artifactId>jboss-metadata-web</artifactId>
      <licenses>
        <license>
          <name>GNU Lesser General Public License v2.1 only</name>
          <url>http://www.gnu.org/licenses/old-licenses/lgpl-2.1.html</url>
          <distribution>repo</distribution>
        </license>
      </licenses>
    </dependency>
    <dependency>
      <groupId>org.jboss.security</groupId>
      <artifactId>jboss-negotiation-common</artifactId>
      <licenses>
        <license>
          <name>GNU Lesser General Public License v2.1 or later</name>
          <url>http://www.gnu.org/licenses/old-licenses/lgpl-2.1-standalone.html</url>
          <distribution>repo</distribution>
        </license>
      </licenses>
    </dependency>
    <dependency>
      <groupId>org.jboss.security</groupId>
      <artifactId>jboss-negotiation-extras</artifactId>
      <licenses>
        <license>
          <name>GNU Lesser General Public License v2.1 or later</name>
          <url>http://www.gnu.org/licenses/old-licenses/lgpl-2.1-standalone.html</url>
          <distribution>repo</distribution>
        </license>
      </licenses>
    </dependency>
    <dependency>
      <groupId>org.jboss.security</groupId>
      <artifactId>jboss-negotiation-ntlm</artifactId>
      <licenses>
        <license>
          <name>GNU Lesser General Public License v2.1 or later</name>
          <url>http://www.gnu.org/licenses/old-licenses/lgpl-2.1-standalone.html</url>
          <distribution>repo</distribution>
        </license>
      </licenses>
    </dependency>
    <dependency>
      <groupId>org.jboss.security</groupId>
      <artifactId>jboss-negotiation-spnego</artifactId>
      <licenses>
        <license>
          <name>GNU Lesser General Public License v2.1 or later</name>
          <url>http://www.gnu.org/licenses/old-licenses/lgpl-2.1-standalone.html</url>
          <distribution>repo</distribution>
        </license>
      </licenses>
    </dependency>
    <dependency>
      <groupId>org.picketbox</groupId>
      <artifactId>picketbox</artifactId>
      <licenses>
        <license>
          <name>GNU Lesser General Public License v2.1 only</name>
          <url>http://www.gnu.org/licenses/old-licenses/lgpl-2.1.html</url>
          <distribution>repo</distribution>
        </license>
      </licenses>
    </dependency>
    <dependency>
      <groupId>org.picketbox</groupId>
      <artifactId>picketbox-commons</artifactId>
      <licenses>
        <license>
          <name>GNU Lesser General Public License v2.1 only</name>
          <url>http://www.gnu.org/licenses/old-licenses/lgpl-2.1.html</url>
          <distribution>repo</distribution>
        </license>
      </licenses>
    </dependency>
    <dependency>
      <groupId>org.picketbox</groupId>
      <artifactId>picketbox-infinispan</artifactId>
      <licenses>
        <license>
          <name>GNU Lesser General Public License v2.1 only</name>
          <url>http://www.gnu.org/licenses/old-licenses/lgpl-2.1.html</url>
          <distribution>repo</distribution>
        </license>
      </licenses>
    </dependency>
    <dependency>
      <groupId>org.wildfly</groupId>
      <artifactId>wildfly-naming-client</artifactId>
      <licenses>
        <license>
          <name>Apache License 2.0</name>
          <url>http://www.apache.org/licenses/LICENSE-2.0</url>
          <distribution>repo</distribution>
        </license>
      </licenses>
    </dependency>
    <dependency>
      <groupId>org.wildfly.core</groupId>
      <artifactId>wildfly-core-feature-pack</artifactId>
      <licenses>
        <license>
          <name>GNU Lesser General Public License v2.1 or later</name>
          <url>http://www.gnu.org/licenses/old-licenses/lgpl-2.1-standalone.html</url>
          <distribution>repo</distribution>
        </license>
        <license>
          <name>Apache License 2.0</name>
          <url>http://www.apache.org/licenses/LICENSE-2.0</url>
          <distribution>repo</distribution>
        </license>
      </licenses>
    </dependency>
    <dependency>
      <groupId>org.wildfly.core</groupId>
      <artifactId>wildfly-elytron-integration</artifactId>
      <licenses>
        <license>
          <name>GNU Lesser General Public License v2.1 or later</name>
          <url>http://www.gnu.org/licenses/old-licenses/lgpl-2.1-standalone.html</url>
          <distribution>repo</distribution>
        </license>
        <license>
          <name>Apache License 2.0</name>
          <url>http://www.apache.org/licenses/LICENSE-2.0</url>
          <distribution>repo</distribution>
        </license>
      </licenses>
    </dependency>
    <dependency>
      <groupId>org.wildfly.core</groupId>
      <artifactId>wildfly-event-logger</artifactId>
      <licenses>
        <license>
          <name>GNU Lesser General Public License v2.1 or later</name>
          <url>http://www.gnu.org/licenses/old-licenses/lgpl-2.1-standalone.html</url>
          <distribution>repo</distribution>
        </license>
        <license>
          <name>Apache License 2.0</name>
          <url>http://www.apache.org/licenses/LICENSE-2.0</url>
          <distribution>repo</distribution>
        </license>
      </licenses>
    </dependency>
    <dependency>
      <groupId>org.wildfly.security.elytron-web</groupId>
      <artifactId>undertow-server-servlet</artifactId>
      <licenses>
        <license>
          <name>Apache License 2.0</name>
          <url>http://www.apache.org/licenses/LICENSE-2.0</url>
          <distribution>repo</distribution>
        </license>
      </licenses>
    </dependency>
    <dependency>
      <groupId>org.wildfly.wildfly-http-client</groupId>
      <artifactId>wildfly-http-client-common</artifactId>
      <licenses>
        <license>
          <name>Apache License 2.0</name>
          <url>http://www.apache.org/licenses/LICENSE-2.0</url>
          <distribution>repo</distribution>
        </license>
      </licenses>
    </dependency>
    <dependency>
      <groupId>org.wildfly.wildfly-http-client</groupId>
      <artifactId>wildfly-http-naming-client</artifactId>
      <licenses>
        <license>
          <name>Apache License 2.0</name>
          <url>http://www.apache.org/licenses/LICENSE-2.0</url>
          <distribution>repo</distribution>
        </license>
      </licenses>
    </dependency>
    <dependency>
      <groupId>xalan</groupId>
      <artifactId>serializer</artifactId>
      <licenses>
        <license>
          <name>Apache License 2.0</name>
          <url>http://www.apache.org/licenses/LICENSE-2.0</url>
          <distribution>repo</distribution>
        </license>
      </licenses>
    </dependency>
    <dependency>
      <groupId>xalan</groupId>
      <artifactId>xalan</artifactId>
      <licenses>
        <license>
          <name>Apache License 2.0</name>
          <url>http://www.apache.org/licenses/LICENSE-2.0</url>
          <distribution>repo</distribution>
        </license>
      </licenses>
    </dependency>
  </dependencies>
</licenseSummary>
