<?xml version='1.0' encoding='UTF-8'?>
<!--  See src/resources/configuration/ReadMe.txt for how the configuration assembly works -->
<config>
    <!-- This is very different from the normal messaging setup, do duplicating the config is easier -->
    <extension-module>org.wildfly.extension.messaging-activemq</extension-module>
    <subsystem xmlns="urn:jboss:domain:messaging-activemq:11.0">
        <server name="default"
                persistence-enabled="true">
            <cluster password="${jboss.messaging.cluster.password:CHANGE ME!!}" />
            <journal type="ASYNCIO"
                     file-size="102400"
                     min-files="2"/>

            <statistics enabled="${wildfly.messaging-activemq.statistics-enabled:${wildfly.statistics-enabled:false}}" />

            <shared-store-master />

            <security-setting name="#">
                <role name="guest"
                      send="true"
                      consume="true"
                      create-non-durable-queue="true"
                      delete-non-durable-queue="true"/>
            </security-setting>

            <address-setting name="#"
                             dead-letter-address="jms.queue.DLQ"
                             expiry-address="jms.queue.ExpiryQueue"
                             max-size-bytes="10485760"
                             page-size-bytes="2097152"
                             message-counter-history-day-limit="10" />

            <http-connector name="http-connector"
                            socket-binding="http"
                            endpoint="http-acceptor" />
            <in-vm-connector name="in-vm"
                             server-id="0"/>

            <http-acceptor name="http-acceptor"
                           http-listener="default" />
            <in-vm-acceptor name="in-vm"
                            server-id="0"/>

            <jgroups-broadcast-group name="bg-group1"
                             jgroups-cluster="activemq-cluster"
                             connectors="http-connector"/>

            <jgroups-discovery-group name="dg-group1"
                             jgroups-cluster="activemq-cluster"/>

            <cluster-connection name="my-cluster"
                                address="jms"
                                connector-name="http-connector"
                                discovery-group="dg-group1" />

            <jms-queue name="ExpiryQueue"
                       entries="java:/jms/queue/ExpiryQueue" />
            <jms-queue name="DLQ"
                       entries="java:/jms/queue/DLQ" />
            <jms-queue name="testQueue"
                       entries="queue/test java:jboss/exported/jms/queue/test" />
            <jms-topic name="testTopic"
                       entries="topic/test java:jboss/exported/jms/topic/test" />

            <connection-factory name="InVmConnectionFactory"
                                entries="java:/ConnectionFactory"
                                connectors="in-vm" />
            <connection-factory name="RemoteConnectionFactory"
                                entries="java:jboss/exported/jms/RemoteConnectionFactory"
                                connectors="http-connector" />

            <pooled-connection-factory name="activemq-ra"
                                       entries="java:/JmsXA java:jboss/DefaultJMSConnectionFactory"
                                       connectors="in-vm"
                                       transaction="xa"/>
        </server>
        <server name="backuper-server"
                persistence-enabled="true">
            <cluster password="${jboss.messaging.cluster.password:CHANGE ME!!}" />
            <journal type="ASYNCIO"
                     file-size="102400"
                     min-files="2" />

            <shared-store-slave />

            <bindings-directory path="activemq-backup/bindings" />
            <journal-directory path="activemq-backup/journal" />
            <large-messages-directory path="activemq-backup/largemessages" />
            <paging-directory path="activemq-backup/paging" />

            <http-connector name="http-connector-backup"
                            socket-binding="http"
                            endpoint="http-acceptor-backup" />
            <http-acceptor name="http-acceptor-backup"
                           http-listener="default" />

            <jgroups-broadcast-group name="bg-group1"
                             jgroups-cluster="activemq-cluster"
                             connectors="http-connector-backup"/>

            <jgroups-discovery-group name="dg-group2"
                             jgroups-cluster="activemq-cluster"/>

            <cluster-connection name="my-cluster"
                                address="jms"
                                connector-name="http-connector-backup"
                                discovery-group="dg-group2" />
        </server>
    </subsystem>
</config>
