<?xml version='1.0' encoding='UTF-8'?>
<!--  See src/resources/configuration/ReadMe.txt for how the configuration assembly works -->
<config default-supplement="default">
    <extension-module>org.wildfly.extension.messaging-activemq</extension-module>
    <subsystem xmlns="urn:jboss:domain:messaging-activemq:11.0">

        <server name="default">

            <?CLUSTERED?>

            <statistics enabled="${wildfly.messaging-activemq.statistics-enabled:${wildfly.statistics-enabled:false}}" />

            <security-setting name="#">
                <role name="guest"
                      send="true"
                      consume="true"
                      create-non-durable-queue="true"
                      delete-non-durable-queue="true"/>
            </security-setting>

            <?ADDRESS-SETTINGS?>

            <http-connector name="http-connector"
                            socket-binding="http"
                            endpoint="http-acceptor" />
            <http-connector name="http-connector-throughput"
                            socket-binding="http"
                            endpoint="http-acceptor-throughput">
                <param name="batch-delay"
                       value="50"/>
            </http-connector>
            <in-vm-connector name="in-vm"
                             server-id="0">
                <param name="buffer-pooling" value="false" />
            </in-vm-connector>

            <http-acceptor name="http-acceptor"
                           http-listener="default" />
            <http-acceptor name="http-acceptor-throughput"
                           http-listener="default">
                <param name="batch-delay"
                       value="50"/>
                <param name="direct-deliver"
                       value="false"/>
            </http-acceptor>
            <in-vm-acceptor name="in-vm"
                            server-id="0">
                <param name="buffer-pooling" value="false" />
            </in-vm-acceptor>

            <?BROADCAST-GROUPS?>
            <?DISCOVERY-GROUPS?>
            <?CLUSTER-CONNECTIONS?>

            <jms-queue name="ExpiryQueue"
                       entries="java:/jms/queue/ExpiryQueue" />
            <jms-queue name="DLQ"
                       entries="java:/jms/queue/DLQ" />

            <connection-factory name="InVmConnectionFactory"
                                entries="java:/ConnectionFactory"
                                connectors="in-vm" />
            <?REMOTE-CONNECTION-FACTORY?>
            <pooled-connection-factory name="activemq-ra"
                                       entries="java:/JmsXA java:jboss/DefaultJMSConnectionFactory"
                                       connectors="in-vm"
                                       transaction="xa"/>
        </server>
    </subsystem>
    <supplement name="default">
        <replacement placeholder="ADDRESS-SETTINGS">
            <address-setting name="#"
                             dead-letter-address="jms.queue.DLQ"
                             expiry-address="jms.queue.ExpiryQueue"
                             max-size-bytes="10485760"
                             page-size-bytes="2097152"
                             message-counter-history-day-limit="10" />
        </replacement>
        <replacement placeholder="REMOTE-CONNECTION-FACTORY">
            <connection-factory name="RemoteConnectionFactory"
                                entries="java:jboss/exported/jms/RemoteConnectionFactory"
                                connectors="http-connector" />
        </replacement>
    </supplement>
    <supplement name="ha">
        <replacement placeholder="CLUSTERED">
            <cluster password="${jboss.messaging.cluster.password:CHANGE ME!!}" />
        </replacement>
        <replacement placeholder="ADDRESS-SETTINGS">
            <address-setting name="#"
                             dead-letter-address="jms.queue.DLQ"
                             expiry-address="jms.queue.ExpiryQueue"
                             max-size-bytes="10485760"
                             page-size-bytes="2097152"
                             message-counter-history-day-limit="10"
                             redistribution-delay="1000" />
        </replacement>
        <replacement placeholder="BROADCAST-GROUPS">
            <jgroups-broadcast-group name="bg-group1"
                             jgroups-cluster="activemq-cluster"
                             connectors="http-connector"/>
        </replacement>
        <replacement placeholder="DISCOVERY-GROUPS">
            <jgroups-discovery-group name="dg-group1"
                             jgroups-cluster="activemq-cluster"/>
        </replacement>
        <replacement placeholder="CLUSTER-CONNECTIONS">
                <cluster-connection name="my-cluster"
                                    address="jms"
                                    connector-name="http-connector"
                                    discovery-group="dg-group1" />
        </replacement>
        <replacement placeholder="REMOTE-CONNECTION-FACTORY">
            <connection-factory name="RemoteConnectionFactory"
                                entries="java:jboss/exported/jms/RemoteConnectionFactory"
                                connectors="http-connector"
                                ha="true"
                                block-on-acknowledge="true"
                                reconnect-attempts="-1" />
        </replacement>
    </supplement>
</config>
