<?xml version='1.0' encoding='UTF-8'?>

<feature-pack xmlns="urn:wildfly:feature-pack:1.1">
    <dependencies>
        <artifact name="org.wildfly:wildfly-servlet-feature-pack"/>
    </dependencies>
    <artifact-versions>
        <artifact groupId="antlr" artifactId="antlr" version="2.7.7"/>
        <artifact groupId="com.fasterxml" artifactId="classmate" version="1.5.1"/>
        <artifact groupId="com.fasterxml.jackson.core" artifactId="jackson-annotations" version="2.11.3"/>
        <artifact groupId="com.fasterxml.jackson.core" artifactId="jackson-core" version="2.11.3"/>
        <artifact groupId="com.fasterxml.jackson.core" artifactId="jackson-databind" version="2.11.3"/>
        <artifact groupId="com.fasterxml.jackson.datatype" artifactId="jackson-datatype-jdk8" version="2.11.3"/>
        <artifact groupId="com.fasterxml.jackson.datatype" artifactId="jackson-datatype-jsr310" version="2.11.3"/>
        <artifact groupId="com.fasterxml.jackson.jaxrs" artifactId="jackson-jaxrs-base" version="2.11.3"/>
        <artifact groupId="com.fasterxml.jackson.jaxrs" artifactId="jackson-jaxrs-json-provider" version="2.11.3"/>
        <artifact groupId="com.fasterxml.jackson.module" artifactId="jackson-module-jaxb-annotations" version="2.11.3"/>
        <artifact groupId="com.github.ben-manes.caffeine" artifactId="caffeine" version="2.8.5"/>
        <artifact groupId="com.github.fge" artifactId="btf" version="1.2"/>
        <artifact groupId="com.github.fge" artifactId="jackson-coreutils" version="1.8"/>
        <artifact groupId="com.github.fge" artifactId="json-patch" version="1.9"/>
        <artifact groupId="com.github.fge" artifactId="msg-simple" version="1.1"/>
        <artifact groupId="com.github.spullara.mustache.java" artifactId="compiler" version="0.9.6"/>
        <artifact groupId="com.google.code.gson" artifactId="gson" version="2.8.6"/>
        <artifact groupId="com.google.guava" artifactId="guava" version="25.0-jre"/>
        <artifact groupId="com.h2database" artifactId="h2" version="1.4.197"/>
        <artifact groupId="com.io7m.xom" artifactId="xom" version="1.2.10"/>
        <artifact groupId="com.microsoft.azure" artifactId="azure-storage" version="8.6.5"/>
        <artifact groupId="com.squareup.okhttp3" artifactId="okhttp" version="3.9.0"/>
        <artifact groupId="com.squareup.okio" artifactId="okio" version="1.13.0"/>
        <artifact groupId="com.sun.faces" artifactId="jsf-impl" version="2.3.14.SP01"/>
        <artifact groupId="com.sun.istack" artifactId="istack-commons-runtime" version="3.0.10"/>
        <artifact groupId="com.sun.istack" artifactId="istack-commons-tools" version="3.0.10"/>
        <artifact groupId="com.sun.mail" artifactId="jakarta.mail" version="1.6.5"/>
        <artifact groupId="com.sun.xml.bind.external" artifactId="relaxng-datatype" version="2.3.3-b02"/>
        <artifact groupId="com.sun.xml.bind.external" artifactId="rngom" version="2.3.3-b02"/>
        <artifact groupId="com.sun.xml.fastinfoset" artifactId="FastInfoset" version="1.2.13"/>
        <artifact groupId="com.sun.xml.messaging.saaj" artifactId="saaj-impl" version="1.4.1.SP1"/>
        <artifact groupId="commons-beanutils" artifactId="commons-beanutils" version="1.9.4"/>
        <artifact groupId="commons-cli" artifactId="commons-cli" version="1.3.1"/>
        <artifact groupId="commons-codec" artifactId="commons-codec" version="1.14"/>
        <artifact groupId="commons-collections" artifactId="commons-collections" version="3.2.2"/>
        <artifact groupId="commons-io" artifactId="commons-io" version="2.5"/>
        <artifact groupId="commons-lang" artifactId="commons-lang" version="2.6"/>
        <artifact groupId="gnu.getopt" artifactId="java-getopt" version="1.0.13"/>
        <artifact groupId="io.agroal" artifactId="agroal-api" version="1.3"/>
        <artifact groupId="io.agroal" artifactId="agroal-narayana" version="1.3"/>
        <artifact groupId="io.agroal" artifactId="agroal-pool" version="1.3"/>
        <artifact groupId="io.jaegertracing" artifactId="jaeger-core" version="0.34.3"/>
        <artifact groupId="io.jaegertracing" artifactId="jaeger-thrift" version="0.34.3"/>
        <artifact groupId="io.netty" artifactId="netty-all" version="4.1.51.Final"/>
        <artifact groupId="io.opentracing" artifactId="opentracing-api" version="0.31.0"/>
        <artifact groupId="io.opentracing" artifactId="opentracing-noop" version="0.31.0"/>
        <artifact groupId="io.opentracing" artifactId="opentracing-util" version="0.31.0"/>
        <artifact groupId="io.opentracing.contrib" artifactId="opentracing-concurrent" version="0.2.1"/>
        <artifact groupId="io.opentracing.contrib" artifactId="opentracing-interceptors" version="0.0.4"/>
        <artifact groupId="io.opentracing.contrib" artifactId="opentracing-jaxrs2" version="0.4.1"/>
        <artifact groupId="io.opentracing.contrib" artifactId="opentracing-tracerresolver" version="0.1.5"/>
        <artifact groupId="io.opentracing.contrib" artifactId="opentracing-web-servlet-filter" version="0.2.3"/>
        <artifact groupId="io.reactivex.rxjava2" artifactId="rxjava" version="2.2.19"/>
        <artifact groupId="io.reactivex.rxjava3" artifactId="rxjava" version="3.0.4"/>
        <artifact groupId="io.smallrye" artifactId="smallrye-health" version="2.2.0"/>
        <artifact groupId="io.smallrye" artifactId="smallrye-metrics" version="2.4.4"/>
        <artifact groupId="io.smallrye" artifactId="smallrye-metrics-api" version="2.4.4"/>
        <artifact groupId="io.smallrye" artifactId="smallrye-opentracing" version="1.3.4"/>
        <artifact groupId="io.smallrye.config" artifactId="smallrye-config" version="1.6.2"/>
        <artifact groupId="io.smallrye.config" artifactId="smallrye-config-common" version="1.6.2"/>
        <artifact groupId="io.smallrye.config" artifactId="smallrye-config-source-file-system" version="1.6.2"/>
        <artifact groupId="io.undertow.js" artifactId="undertow-js" version="1.0.2.Final"/>
        <artifact groupId="jakarta.persistence" artifactId="jakarta.persistence-api" version="2.2.3"/>
        <artifact groupId="jakarta.security.enterprise" artifactId="jakarta.security.enterprise-api" version="1.0.2"/>
        <artifact groupId="javax.jws" artifactId="jsr181-api" version="1.0-MR1"/>
        <artifact groupId="jaxen" artifactId="jaxen" version="1.1.6"/>
        <artifact groupId="jboss.jaxbintros" artifactId="jboss-jaxb-intros" version="1.0.3.GA"/>
        <artifact groupId="joda-time" artifactId="joda-time" version="2.9.7"/>
        <artifact groupId="net.bytebuddy" artifactId="byte-buddy" version="1.9.11"/>
        <artifact groupId="net.jcip" artifactId="jcip-annotations" version="1.0"/>
        <artifact groupId="net.shibboleth.utilities" artifactId="java-support" version="7.3.0"/>
        <artifact groupId="org.apache.activemq" artifactId="activemq-artemis-native" version="1.0.2"/>
        <artifact groupId="org.apache.activemq" artifactId="artemis-amqp-protocol" version="2.10.1"/>
        <artifact groupId="org.apache.activemq" artifactId="artemis-cli" version="2.10.1"/>
        <artifact groupId="org.apache.activemq" artifactId="artemis-commons" version="2.10.1"/>
        <artifact groupId="org.apache.activemq" artifactId="artemis-core-client" version="2.10.1"/>
        <artifact groupId="org.apache.activemq" artifactId="artemis-dto" version="2.10.1"/>
        <artifact groupId="org.apache.activemq" artifactId="artemis-hornetq-protocol" version="2.10.1"/>
        <artifact groupId="org.apache.activemq" artifactId="artemis-hqclient-protocol" version="2.10.1"/>
        <artifact groupId="org.apache.activemq" artifactId="artemis-jdbc-store" version="2.10.1"/>
        <artifact groupId="org.apache.activemq" artifactId="artemis-jms-client" version="2.10.1"/>
        <artifact groupId="org.apache.activemq" artifactId="artemis-jms-server" version="2.10.1"/>
        <artifact groupId="org.apache.activemq" artifactId="artemis-journal" version="2.10.1"/>
        <artifact groupId="org.apache.activemq" artifactId="artemis-ra" version="2.10.1"/>
        <artifact groupId="org.apache.activemq" artifactId="artemis-selector" version="2.10.1"/>
        <artifact groupId="org.apache.activemq" artifactId="artemis-server" version="2.10.1"/>
        <artifact groupId="org.apache.activemq" artifactId="artemis-service-extensions" version="2.10.1"/>
        <artifact groupId="org.apache.activemq" artifactId="artemis-stomp-protocol" version="2.10.1"/>
        <artifact groupId="org.apache.activemq" artifactId="artemis-tools" version="2.10.1"/>
        <artifact groupId="org.apache.avro" artifactId="avro" version="1.7.6"/>
        <artifact groupId="org.apache.commons" artifactId="commons-lang3" version="3.10"/>
        <artifact groupId="org.apache.cxf" artifactId="cxf-core" version="3.3.7"/>
        <artifact groupId="org.apache.cxf" artifactId="cxf-rt-bindings-coloc" version="3.3.7"/>
        <artifact groupId="org.apache.cxf" artifactId="cxf-rt-bindings-soap" version="3.3.7"/>
        <artifact groupId="org.apache.cxf" artifactId="cxf-rt-bindings-xml" version="3.3.7"/>
        <artifact groupId="org.apache.cxf" artifactId="cxf-rt-databinding-aegis" version="3.3.7"/>
        <artifact groupId="org.apache.cxf" artifactId="cxf-rt-databinding-jaxb" version="3.3.7"/>
        <artifact groupId="org.apache.cxf" artifactId="cxf-rt-features-clustering" version="3.3.7"/>
        <artifact groupId="org.apache.cxf" artifactId="cxf-rt-features-logging" version="3.3.7"/>
        <artifact groupId="org.apache.cxf" artifactId="cxf-rt-frontend-jaxws" version="3.3.7"/>
        <artifact groupId="org.apache.cxf" artifactId="cxf-rt-frontend-simple" version="3.3.7"/>
        <artifact groupId="org.apache.cxf" artifactId="cxf-rt-management" version="3.3.7"/>
        <artifact groupId="org.apache.cxf" artifactId="cxf-rt-security" version="3.3.7"/>
        <artifact groupId="org.apache.cxf" artifactId="cxf-rt-security-saml" version="3.3.7"/>
        <artifact groupId="org.apache.cxf" artifactId="cxf-rt-transports-http" version="3.3.7"/>
        <artifact groupId="org.apache.cxf" artifactId="cxf-rt-transports-http-hc" version="3.3.7"/>
        <artifact groupId="org.apache.cxf" artifactId="cxf-rt-transports-jms" version="3.3.7"/>
        <artifact groupId="org.apache.cxf" artifactId="cxf-rt-transports-local" version="3.3.7"/>
        <artifact groupId="org.apache.cxf" artifactId="cxf-rt-ws-addr" version="3.3.7"/>
        <artifact groupId="org.apache.cxf" artifactId="cxf-rt-ws-mex" version="3.3.7"/>
        <artifact groupId="org.apache.cxf" artifactId="cxf-rt-ws-policy" version="3.3.7"/>
        <artifact groupId="org.apache.cxf" artifactId="cxf-rt-ws-rm" version="3.3.7"/>
        <artifact groupId="org.apache.cxf" artifactId="cxf-rt-ws-security" version="3.3.7"/>
        <artifact groupId="org.apache.cxf" artifactId="cxf-rt-wsdl" version="3.3.7"/>
        <artifact groupId="org.apache.cxf" artifactId="cxf-tools-common" version="3.3.7"/>
        <artifact groupId="org.apache.cxf" artifactId="cxf-tools-java2ws" version="3.3.7"/>
        <artifact groupId="org.apache.cxf" artifactId="cxf-tools-validator" version="3.3.7"/>
        <artifact groupId="org.apache.cxf" artifactId="cxf-tools-wsdlto-core" version="3.3.7"/>
        <artifact groupId="org.apache.cxf" artifactId="cxf-tools-wsdlto-databinding-jaxb" version="3.3.7"/>
        <artifact groupId="org.apache.cxf" artifactId="cxf-tools-wsdlto-frontend-jaxws" version="3.3.7"/>
        <artifact groupId="org.apache.cxf.services.sts" artifactId="cxf-services-sts-core" version="3.3.7"/>
        <artifact groupId="org.apache.cxf.services.ws-discovery" artifactId="cxf-services-ws-discovery-api" version="3.3.7"/>
        <artifact groupId="org.apache.cxf.xjc-utils" artifactId="cxf-xjc-runtime" version="3.3.0"/>
        <artifact groupId="org.apache.cxf.xjcplugins" artifactId="cxf-xjc-boolean" version="3.3.0"/>
        <artifact groupId="org.apache.cxf.xjcplugins" artifactId="cxf-xjc-bug986" version="3.3.0"/>
        <artifact groupId="org.apache.cxf.xjcplugins" artifactId="cxf-xjc-dv" version="3.3.0"/>
        <artifact groupId="org.apache.cxf.xjcplugins" artifactId="cxf-xjc-ts" version="3.3.0"/>
        <artifact groupId="org.apache.httpcomponents" artifactId="httpasyncclient" version="4.1.4"/>
        <artifact groupId="org.apache.httpcomponents" artifactId="httpclient" version="4.5.13"/>
        <artifact groupId="org.apache.httpcomponents" artifactId="httpcore" version="4.4.13"/>
        <artifact groupId="org.apache.httpcomponents" artifactId="httpcore-nio" version="4.4.13"/>
        <artifact groupId="org.apache.httpcomponents" artifactId="httpmime" version="4.5.13"/>
        <artifact groupId="org.apache.james" artifactId="apache-mime4j" version="0.6"/>
        <artifact groupId="org.apache.lucene" artifactId="lucene-analyzers-common" version="5.5.5"/>
        <artifact groupId="org.apache.lucene" artifactId="lucene-backward-codecs" version="5.5.5"/>
        <artifact groupId="org.apache.lucene" artifactId="lucene-core" version="5.5.5"/>
        <artifact groupId="org.apache.lucene" artifactId="lucene-facet" version="5.5.5"/>
        <artifact groupId="org.apache.lucene" artifactId="lucene-misc" version="5.5.5"/>
        <artifact groupId="org.apache.lucene" artifactId="lucene-queries" version="5.5.5"/>
        <artifact groupId="org.apache.lucene" artifactId="lucene-queryparser" version="5.5.5"/>
        <artifact groupId="org.apache.neethi" artifactId="neethi" version="3.1.1"/>
        <artifact groupId="org.apache.qpid" artifactId="proton-j" version="0.33.2"/>
        <artifact groupId="org.apache.santuario" artifactId="xmlsec" version="2.1.4"/>
        <artifact groupId="org.apache.taglibs" artifactId="taglibs-standard-compat" version="1.2.6-RC1"/>
        <artifact groupId="org.apache.taglibs" artifactId="taglibs-standard-impl" version="1.2.6-RC1"/>
        <artifact groupId="org.apache.taglibs" artifactId="taglibs-standard-spec" version="1.2.6-RC1"/>
        <artifact groupId="org.apache.thrift" artifactId="libthrift" version="0.13.0"/>
        <artifact groupId="org.apache.velocity" artifactId="velocity-engine-core" version="2.2"/>
        <artifact groupId="org.apache.ws.xmlschema" artifactId="xmlschema-core" version="2.2.5"/>
        <artifact groupId="org.apache.wss4j" artifactId="wss4j-bindings" version="2.2.5"/>
        <artifact groupId="org.apache.wss4j" artifactId="wss4j-policy" version="2.2.5"/>
        <artifact groupId="org.apache.wss4j" artifactId="wss4j-ws-security-common" version="2.2.5"/>
        <artifact groupId="org.apache.wss4j" artifactId="wss4j-ws-security-dom" version="2.2.5"/>
        <artifact groupId="org.apache.wss4j" artifactId="wss4j-ws-security-policy-stax" version="2.2.5"/>
        <artifact groupId="org.apache.wss4j" artifactId="wss4j-ws-security-stax" version="2.2.5"/>
        <artifact groupId="org.bouncycastle" artifactId="bcmail-jdk15on" version="1.65"/>
        <artifact groupId="org.bouncycastle" artifactId="bcpkix-jdk15on" version="1.65"/>
        <artifact groupId="org.bouncycastle" artifactId="bcprov-jdk15on" version="1.65"/>
        <artifact groupId="org.codehaus.jackson" artifactId="jackson-core-asl" version="1.9.13.redhat-00007"/>
        <artifact groupId="org.codehaus.jackson" artifactId="jackson-jaxrs" version="1.9.13.redhat-00007"/>
        <artifact groupId="org.codehaus.jackson" artifactId="jackson-mapper-asl" version="1.9.13.redhat-00007"/>
        <artifact groupId="org.codehaus.jackson" artifactId="jackson-xc" version="1.9.13.redhat-00007"/>
        <artifact groupId="org.codehaus.jettison" artifactId="jettison" version="1.4.0"/>
        <artifact groupId="org.cryptacular" artifactId="cryptacular" version="1.2.4"/>
        <artifact groupId="org.dom4j" artifactId="dom4j" version="2.1.3"/>
        <artifact groupId="org.eclipse.microprofile.config" artifactId="microprofile-config-api" version="1.4"/>
        <artifact groupId="org.eclipse.microprofile.health" artifactId="microprofile-health-api" version="2.2"/>
        <artifact groupId="org.eclipse.microprofile.metrics" artifactId="microprofile-metrics-api" version="2.3"/>
        <artifact groupId="org.eclipse.microprofile.opentracing" artifactId="microprofile-opentracing-api" version="1.3.3"/>
        <artifact groupId="org.eclipse.microprofile.rest.client" artifactId="microprofile-rest-client-api" version="1.4.0"/>
        <artifact groupId="org.glassfish.jaxb" artifactId="codemodel" version="2.3.3-b02"/>
        <artifact groupId="org.glassfish.jaxb" artifactId="jaxb-jxc" version="2.3.3-b02"/>
        <artifact groupId="org.glassfish.jaxb" artifactId="jaxb-runtime" version="2.3.3-b02"/>
        <artifact groupId="org.glassfish.jaxb" artifactId="jaxb-xjc" version="2.3.3-b02"/>
        <artifact groupId="org.glassfish.jaxb" artifactId="txw2" version="2.3.3-b02"/>
        <artifact groupId="org.glassfish.jaxb" artifactId="xsom" version="2.3.3-b02"/>
        <artifact groupId="org.glassfish.soteria" artifactId="jakarta.security.enterprise" version="1.0.1-jbossorg-1"/>
        <artifact groupId="org.hibernate" artifactId="hibernate-core" version="5.3.19.Final"/>
        <artifact groupId="org.hibernate" artifactId="hibernate-envers" version="5.3.19.Final"/>
        <artifact groupId="org.hibernate" artifactId="hibernate-search-backend-jms" version="5.10.7.Final"/>
        <artifact groupId="org.hibernate" artifactId="hibernate-search-engine" version="5.10.7.Final"/>
        <artifact groupId="org.hibernate" artifactId="hibernate-search-orm" version="5.10.7.Final"/>
        <artifact groupId="org.hibernate" artifactId="hibernate-search-serialization-avro" version="5.10.7.Final"/>
        <artifact groupId="org.hibernate.common" artifactId="hibernate-commons-annotations" version="5.0.5.Final"/>
        <artifact groupId="org.hibernate.validator" artifactId="hibernate-validator" version="6.0.21.Final"/>
        <artifact groupId="org.hibernate.validator" artifactId="hibernate-validator-cdi" version="6.0.21.Final"/>
        <artifact groupId="org.hornetq" artifactId="hornetq-commons" version="2.4.7.Final"/>
        <artifact groupId="org.hornetq" artifactId="hornetq-core-client" version="2.4.7.Final"/>
        <artifact groupId="org.hornetq" artifactId="hornetq-jms-client" version="2.4.7.Final"/>
        <artifact groupId="org.infinispan" artifactId="infinispan-cachestore-jdbc" version="11.0.4.Final"/>
        <artifact groupId="org.infinispan" artifactId="infinispan-cachestore-remote" version="11.0.4.Final"/>
        <artifact groupId="org.infinispan" artifactId="infinispan-client-hotrod" version="11.0.4.Final"/>
        <artifact groupId="org.infinispan" artifactId="infinispan-commons" version="11.0.4.Final"/>
        <artifact groupId="org.infinispan" artifactId="infinispan-component-annotations" version="11.0.4.Final"/>
        <artifact groupId="org.infinispan" artifactId="infinispan-core" version="11.0.4.Final"/>
        <artifact groupId="org.infinispan" artifactId="infinispan-hibernate-cache-commons" version="11.0.4.Final"/>
        <artifact groupId="org.infinispan" artifactId="infinispan-hibernate-cache-spi" version="11.0.4.Final"/>
        <artifact groupId="org.infinispan" artifactId="infinispan-hibernate-cache-v53" version="11.0.4.Final"/>
        <artifact groupId="org.infinispan.protostream" artifactId="protostream" version="4.3.4.Final"/>
        <artifact groupId="org.jasypt" artifactId="jasypt" version="1.9.3"/>
        <artifact groupId="org.javassist" artifactId="javassist" version="3.23.2-GA"/>
        <artifact groupId="org.jberet" artifactId="jberet-core" version="1.3.7.Final"/>
        <artifact groupId="org.jboss" artifactId="jboss-ejb-client" version="4.0.36.Final"/>
        <artifact groupId="org.jboss" artifactId="jboss-iiop-client" version="1.0.1.Final"/>
        <artifact groupId="org.jboss" artifactId="jboss-transaction-spi" version="7.6.0.Final"/>
        <artifact groupId="org.jboss.activemq.artemis.integration" artifactId="artemis-wildfly-integration" version="1.0.2"/>
        <artifact groupId="org.jboss.ejb3" artifactId="jboss-ejb3-ext-api" version="2.3.0.Final"/>
        <artifact groupId="org.jboss.genericjms" artifactId="generic-jms-ra-jar" version="2.0.8.Final"/>
        <artifact groupId="org.jboss.hal" artifactId="hal-console" version="3.2.11.Final" classifier="resources"/>
        <artifact groupId="org.jboss.ironjacamar" artifactId="ironjacamar-common-api" version="1.4.25.Final"/>
        <artifact groupId="org.jboss.ironjacamar" artifactId="ironjacamar-common-impl" version="1.4.25.Final"/>
        <artifact groupId="org.jboss.ironjacamar" artifactId="ironjacamar-common-spi" version="1.4.25.Final"/>
        <artifact groupId="org.jboss.ironjacamar" artifactId="ironjacamar-core-api" version="1.4.25.Final"/>
        <artifact groupId="org.jboss.ironjacamar" artifactId="ironjacamar-core-impl" version="1.4.25.Final"/>
        <artifact groupId="org.jboss.ironjacamar" artifactId="ironjacamar-deployers-common" version="1.4.25.Final"/>
        <artifact groupId="org.jboss.ironjacamar" artifactId="ironjacamar-jdbc" version="1.4.25.Final"/>
        <artifact groupId="org.jboss.ironjacamar" artifactId="ironjacamar-validator" version="1.4.25.Final"/>
        <artifact groupId="org.jboss.metadata" artifactId="jboss-metadata-appclient" version="13.0.0.Final"/>
        <artifact groupId="org.jboss.metadata" artifactId="jboss-metadata-ejb" version="13.0.0.Final"/>
        <artifact groupId="org.jboss.mod_cluster" artifactId="mod_cluster-container-spi" version="1.4.1.Final"/>
        <artifact groupId="org.jboss.mod_cluster" artifactId="mod_cluster-core" version="1.4.1.Final"/>
        <artifact groupId="org.jboss.mod_cluster" artifactId="mod_cluster-load-spi" version="1.4.1.Final"/>
        <artifact groupId="org.jboss.narayana" artifactId="jbosstxbridge" version="5.10.6.Final"/>
        <artifact groupId="org.jboss.narayana.compensations" artifactId="compensations" version="5.10.6.Final"/>
        <artifact groupId="org.jboss.narayana.jts" artifactId="narayana-jts-idlj" version="5.10.6.Final"/>
        <artifact groupId="org.jboss.narayana.jts" artifactId="narayana-jts-integration" version="5.10.6.Final"/>
        <artifact groupId="org.jboss.narayana.rts" artifactId="restat-api" version="5.10.6.Final"/>
        <artifact groupId="org.jboss.narayana.rts" artifactId="restat-bridge" version="5.10.6.Final"/>
        <artifact groupId="org.jboss.narayana.rts" artifactId="restat-integration" version="5.10.6.Final"/>
        <artifact groupId="org.jboss.narayana.rts" artifactId="restat-util" version="5.10.6.Final"/>
        <artifact groupId="org.jboss.narayana.txframework" artifactId="txframework" version="5.10.6.Final"/>
        <artifact groupId="org.jboss.narayana.xts" artifactId="jbossxts" version="5.10.6.Final"/>
        <artifact groupId="org.jboss.openjdk-orb" artifactId="openjdk-orb" version="8.1.4.Final"/>
        <artifact groupId="org.jboss.resteasy" artifactId="jose-jwt" version="3.13.2.Final"/>
        <artifact groupId="org.jboss.resteasy" artifactId="resteasy-atom-provider" version="3.13.2.Final"/>
        <artifact groupId="org.jboss.resteasy" artifactId="resteasy-cdi" version="3.13.2.Final"/>
        <artifact groupId="org.jboss.resteasy" artifactId="resteasy-client" version="3.13.2.Final"/>
        <artifact groupId="org.jboss.resteasy" artifactId="resteasy-client-microprofile" version="3.13.2.Final"/>
        <artifact groupId="org.jboss.resteasy" artifactId="resteasy-crypto" version="3.13.2.Final"/>
        <artifact groupId="org.jboss.resteasy" artifactId="resteasy-jackson-provider" version="3.13.2.Final"/>
        <artifact groupId="org.jboss.resteasy" artifactId="resteasy-jackson2-provider" version="3.13.2.Final"/>
        <artifact groupId="org.jboss.resteasy" artifactId="resteasy-jaxb-provider" version="3.13.2.Final"/>
        <artifact groupId="org.jboss.resteasy" artifactId="resteasy-jaxrs" version="3.13.2.Final"/>
        <artifact groupId="org.jboss.resteasy" artifactId="resteasy-jettison-provider" version="3.13.2.Final"/>
        <artifact groupId="org.jboss.resteasy" artifactId="resteasy-jsapi" version="3.13.2.Final"/>
        <artifact groupId="org.jboss.resteasy" artifactId="resteasy-json-binding-provider" version="3.13.2.Final"/>
        <artifact groupId="org.jboss.resteasy" artifactId="resteasy-json-p-provider" version="3.13.2.Final"/>
        <artifact groupId="org.jboss.resteasy" artifactId="resteasy-multipart-provider" version="3.13.2.Final"/>
        <artifact groupId="org.jboss.resteasy" artifactId="resteasy-rxjava2" version="3.13.2.Final"/>
        <artifact groupId="org.jboss.resteasy" artifactId="resteasy-spring" version="3.13.2.Final"/>
        <artifact groupId="org.jboss.resteasy" artifactId="resteasy-validator-provider" version="3.13.2.Final"/>
        <artifact groupId="org.jboss.resteasy" artifactId="resteasy-yaml-provider" version="3.13.2.Final"/>
        <artifact groupId="org.jboss.seam.integration" artifactId="jboss-seam-int-jbossas" version="7.0.0.GA"/>
        <artifact groupId="org.jboss.security" artifactId="jbossxacml" version="2.0.8.Final"/>
        <artifact groupId="org.jboss.spec.javax.batch" artifactId="jboss-batch-api_1.0_spec" version="2.0.0.Final"/>
        <artifact groupId="org.jboss.spec.javax.ejb" artifactId="jboss-ejb-api_3.2_spec" version="2.0.0.Final"/>
        <artifact groupId="org.jboss.spec.javax.faces" artifactId="jboss-jsf-api_2.3_spec" version="3.0.0.SP04"/>
        <artifact groupId="org.jboss.spec.javax.jms" artifactId="jboss-jms-api_2.0_spec" version="2.0.0.Final"/>
        <artifact groupId="org.jboss.spec.javax.management.j2ee" artifactId="jboss-j2eemgmt-api_1.1_spec" version="2.0.0.Final"/>
        <artifact groupId="org.jboss.spec.javax.resource" artifactId="jboss-connector-api_1.7_spec" version="2.0.0.Final"/>
        <artifact groupId="org.jboss.spec.javax.ws.rs" artifactId="jboss-jaxrs-api_2.1_spec" version="2.0.1.Final"/>
        <artifact groupId="org.jboss.spec.javax.xml.bind" artifactId="jboss-jaxb-api_2.3_spec" version="2.0.0.Final"/>
        <artifact groupId="org.jboss.spec.javax.xml.rpc" artifactId="jboss-jaxrpc-api_1.1_spec" version="2.0.0.Final"/>
        <artifact groupId="org.jboss.spec.javax.xml.soap" artifactId="jboss-saaj-api_1.4_spec" version="1.0.2.Final"/>
        <artifact groupId="org.jboss.spec.javax.xml.ws" artifactId="jboss-jaxws-api_2.3_spec" version="2.0.0.Final"/>
        <artifact groupId="org.jboss.weld" artifactId="weld-api" version="3.1.SP3"/>
        <artifact groupId="org.jboss.weld" artifactId="weld-core-impl" version="3.1.5.Final"/>
        <artifact groupId="org.jboss.weld" artifactId="weld-spi" version="3.1.SP3"/>
        <artifact groupId="org.jboss.weld.module" artifactId="weld-ejb" version="3.1.5.Final"/>
        <artifact groupId="org.jboss.weld.module" artifactId="weld-jsf" version="3.1.5.Final"/>
        <artifact groupId="org.jboss.weld.module" artifactId="weld-jta" version="3.1.5.Final"/>
        <artifact groupId="org.jboss.weld.module" artifactId="weld-web" version="3.1.5.Final"/>
        <artifact groupId="org.jboss.weld.probe" artifactId="weld-probe-core" version="3.1.5.Final"/>
        <artifact groupId="org.jboss.ws" artifactId="jbossws-api" version="1.1.2.Final"/>
        <artifact groupId="org.jboss.ws" artifactId="jbossws-common" version="3.3.3.Final"/>
        <artifact groupId="org.jboss.ws" artifactId="jbossws-common-tools" version="1.3.2.Final"/>
        <artifact groupId="org.jboss.ws" artifactId="jbossws-spi" version="3.3.0.Final"/>
        <artifact groupId="org.jboss.ws.cxf" artifactId="jbossws-cxf-client" version="5.4.2.Final"/>
        <artifact groupId="org.jboss.ws.cxf" artifactId="jbossws-cxf-factories" version="5.4.2.Final"/>
        <artifact groupId="org.jboss.ws.cxf" artifactId="jbossws-cxf-jaspi" version="5.4.2.Final"/>
        <artifact groupId="org.jboss.ws.cxf" artifactId="jbossws-cxf-resources" version="5.4.2.Final" classifier="wildfly1900"/>
        <artifact groupId="org.jboss.ws.cxf" artifactId="jbossws-cxf-server" version="5.4.2.Final"/>
        <artifact groupId="org.jboss.ws.cxf" artifactId="jbossws-cxf-transports-udp" version="5.4.2.Final"/>
        <artifact groupId="org.jboss.ws.cxf" artifactId="jbossws-cxf-transports-undertow" version="5.4.2.Final"/>
        <artifact groupId="org.jboss.ws.projects" artifactId="jaxws-undertow-httpspi" version="1.0.1.Final"/>
        <artifact groupId="org.jboss.xnio.netty" artifactId="netty-xnio-transport" version="0.1.9.Final"/>
        <artifact groupId="org.jctools" artifactId="jctools-core" version="2.1.2"/>
        <artifact groupId="org.jgroups" artifactId="jgroups" version="4.2.8.Final"/>
        <artifact groupId="org.jgroups.azure" artifactId="jgroups-azure" version="1.3.0.Final"/>
        <artifact groupId="org.jgroups.kubernetes" artifactId="jgroups-kubernetes" version="1.0.15.Final"/>
        <artifact groupId="org.jsoup" artifactId="jsoup" version="1.8.3"/>
        <artifact groupId="org.jvnet.staxex" artifactId="stax-ex" version="1.7.8"/>
        <artifact groupId="org.opensaml" artifactId="opensaml-core" version="3.3.1"/>
        <artifact groupId="org.opensaml" artifactId="opensaml-profile-api" version="3.3.1"/>
        <artifact groupId="org.opensaml" artifactId="opensaml-saml-api" version="3.3.1"/>
        <artifact groupId="org.opensaml" artifactId="opensaml-saml-impl" version="3.3.1"/>
        <artifact groupId="org.opensaml" artifactId="opensaml-security-api" version="3.3.1"/>
        <artifact groupId="org.opensaml" artifactId="opensaml-security-impl" version="3.3.1"/>
        <artifact groupId="org.opensaml" artifactId="opensaml-soap-api" version="3.3.1"/>
        <artifact groupId="org.opensaml" artifactId="opensaml-xacml-api" version="3.3.1"/>
        <artifact groupId="org.opensaml" artifactId="opensaml-xacml-impl" version="3.3.1"/>
        <artifact groupId="org.opensaml" artifactId="opensaml-xacml-saml-api" version="3.3.1"/>
        <artifact groupId="org.opensaml" artifactId="opensaml-xacml-saml-impl" version="3.3.1"/>
        <artifact groupId="org.opensaml" artifactId="opensaml-xmlsec-api" version="3.3.1"/>
        <artifact groupId="org.opensaml" artifactId="opensaml-xmlsec-impl" version="3.3.1"/>
        <artifact groupId="org.ow2.asm" artifactId="asm" version="7.1"/>
        <artifact groupId="org.ow2.asm" artifactId="asm-util" version="7.1"/>
        <artifact groupId="org.picketlink" artifactId="picketlink-api" version="2.5.5.SP12-redhat-00009"/>
        <artifact groupId="org.picketlink" artifactId="picketlink-common" version="2.5.5.SP12-redhat-00009"/>
        <artifact groupId="org.picketlink" artifactId="picketlink-config" version="2.5.5.SP12-redhat-00009"/>
        <artifact groupId="org.picketlink" artifactId="picketlink-federation" version="2.5.5.SP12-redhat-00009"/>
        <artifact groupId="org.picketlink" artifactId="picketlink-idm-api" version="2.5.5.SP12-redhat-00009"/>
        <artifact groupId="org.picketlink" artifactId="picketlink-idm-impl" version="2.5.5.SP12-redhat-00009"/>
        <artifact groupId="org.picketlink" artifactId="picketlink-idm-simple-schema" version="2.5.5.SP12-redhat-00009"/>
        <artifact groupId="org.picketlink" artifactId="picketlink-impl" version="2.5.5.SP12-redhat-00009"/>
        <artifact groupId="org.picketlink.distribution" artifactId="picketlink-wildfly8" version="2.5.5.SP12-redhat-00012"/>
        <artifact groupId="org.reactivestreams" artifactId="reactive-streams" version="1.0.3"/>
        <artifact groupId="org.wildfly" artifactId="jipijapa-eclipselink" version="22.0.0.Beta1-SNAPSHOT"/>
        <artifact groupId="org.wildfly" artifactId="jipijapa-hibernate4-1" version="22.0.0.Beta1-SNAPSHOT"/>
        <artifact groupId="org.wildfly" artifactId="jipijapa-hibernate4-3" version="22.0.0.Beta1-SNAPSHOT"/>
        <artifact groupId="org.wildfly" artifactId="jipijapa-hibernate5" version="22.0.0.Beta1-SNAPSHOT"/>
        <artifact groupId="org.wildfly" artifactId="jipijapa-hibernate5-3" version="22.0.0.Beta1-SNAPSHOT"/>
        <artifact groupId="org.wildfly" artifactId="jipijapa-openjpa" version="22.0.0.Beta1-SNAPSHOT"/>
        <artifact groupId="org.wildfly" artifactId="jipijapa-spi" version="22.0.0.Beta1-SNAPSHOT"/>
        <artifact groupId="org.wildfly" artifactId="wildfly-appclient" version="22.0.0.Beta1-SNAPSHOT"/>
        <artifact groupId="org.wildfly" artifactId="wildfly-batch-jberet" version="22.0.0.Beta1-SNAPSHOT"/>
        <artifact groupId="org.wildfly" artifactId="wildfly-bean-validation" version="22.0.0.Beta1-SNAPSHOT"/>
        <artifact groupId="org.wildfly" artifactId="wildfly-client-all" version="22.0.0.Beta1-SNAPSHOT"/>
        <artifact groupId="org.wildfly" artifactId="wildfly-clustering-api" version="22.0.0.Beta1-SNAPSHOT"/>
        <artifact groupId="org.wildfly" artifactId="wildfly-clustering-common" version="22.0.0.Beta1-SNAPSHOT"/>
        <artifact groupId="org.wildfly" artifactId="wildfly-clustering-ee-cache" version="22.0.0.Beta1-SNAPSHOT"/>
        <artifact groupId="org.wildfly" artifactId="wildfly-clustering-ee-hotrod" version="22.0.0.Beta1-SNAPSHOT"/>
        <artifact groupId="org.wildfly" artifactId="wildfly-clustering-ee-infinispan" version="22.0.0.Beta1-SNAPSHOT"/>
        <artifact groupId="org.wildfly" artifactId="wildfly-clustering-ee-spi" version="22.0.0.Beta1-SNAPSHOT"/>
        <artifact groupId="org.wildfly" artifactId="wildfly-clustering-ejb-infinispan" version="22.0.0.Beta1-SNAPSHOT"/>
        <artifact groupId="org.wildfly" artifactId="wildfly-clustering-ejb-spi" version="22.0.0.Beta1-SNAPSHOT"/>
        <artifact groupId="org.wildfly" artifactId="wildfly-clustering-infinispan-client" version="22.0.0.Beta1-SNAPSHOT"/>
        <artifact groupId="org.wildfly" artifactId="wildfly-clustering-infinispan-extension" version="22.0.0.Beta1-SNAPSHOT"/>
        <artifact groupId="org.wildfly" artifactId="wildfly-clustering-infinispan-marshalling" version="22.0.0.Beta1-SNAPSHOT"/>
        <artifact groupId="org.wildfly" artifactId="wildfly-clustering-infinispan-spi" version="22.0.0.Beta1-SNAPSHOT"/>
        <artifact groupId="org.wildfly" artifactId="wildfly-clustering-jgroups-api" version="22.0.0.Beta1-SNAPSHOT"/>
        <artifact groupId="org.wildfly" artifactId="wildfly-clustering-jgroups-extension" version="22.0.0.Beta1-SNAPSHOT"/>
        <artifact groupId="org.wildfly" artifactId="wildfly-clustering-jgroups-spi" version="22.0.0.Beta1-SNAPSHOT"/>
        <artifact groupId="org.wildfly" artifactId="wildfly-clustering-marshalling-api" version="22.0.0.Beta1-SNAPSHOT"/>
        <artifact groupId="org.wildfly" artifactId="wildfly-clustering-marshalling-jboss" version="22.0.0.Beta1-SNAPSHOT"/>
        <artifact groupId="org.wildfly" artifactId="wildfly-clustering-marshalling-protostream" version="22.0.0.Beta1-SNAPSHOT"/>
        <artifact groupId="org.wildfly" artifactId="wildfly-clustering-marshalling-spi" version="22.0.0.Beta1-SNAPSHOT"/>
        <artifact groupId="org.wildfly" artifactId="wildfly-clustering-server" version="22.0.0.Beta1-SNAPSHOT"/>
        <artifact groupId="org.wildfly" artifactId="wildfly-clustering-service" version="22.0.0.Beta1-SNAPSHOT"/>
        <artifact groupId="org.wildfly" artifactId="wildfly-clustering-singleton-api" version="22.0.0.Beta1-SNAPSHOT"/>
        <artifact groupId="org.wildfly" artifactId="wildfly-clustering-singleton-extension" version="22.0.0.Beta1-SNAPSHOT"/>
        <artifact groupId="org.wildfly" artifactId="wildfly-clustering-spi" version="22.0.0.Beta1-SNAPSHOT"/>
        <artifact groupId="org.wildfly" artifactId="wildfly-clustering-web-api" version="22.0.0.Beta1-SNAPSHOT"/>
        <artifact groupId="org.wildfly" artifactId="wildfly-clustering-web-cache" version="22.0.0.Beta1-SNAPSHOT"/>
        <artifact groupId="org.wildfly" artifactId="wildfly-clustering-web-container" version="22.0.0.Beta1-SNAPSHOT"/>
        <artifact groupId="org.wildfly" artifactId="wildfly-clustering-web-extension" version="22.0.0.Beta1-SNAPSHOT"/>
        <artifact groupId="org.wildfly" artifactId="wildfly-clustering-web-hotrod" version="22.0.0.Beta1-SNAPSHOT"/>
        <artifact groupId="org.wildfly" artifactId="wildfly-clustering-web-infinispan" version="22.0.0.Beta1-SNAPSHOT"/>
        <artifact groupId="org.wildfly" artifactId="wildfly-clustering-web-spi" version="22.0.0.Beta1-SNAPSHOT"/>
        <artifact groupId="org.wildfly" artifactId="wildfly-clustering-web-undertow" version="22.0.0.Beta1-SNAPSHOT"/>
        <artifact groupId="org.wildfly" artifactId="wildfly-cmp" version="22.0.0.Beta1-SNAPSHOT"/>
        <artifact groupId="org.wildfly" artifactId="wildfly-configadmin" version="22.0.0.Beta1-SNAPSHOT"/>
        <artifact groupId="org.wildfly" artifactId="wildfly-connector" version="22.0.0.Beta1-SNAPSHOT"/>
        <artifact groupId="org.wildfly" artifactId="wildfly-datasources-agroal" version="22.0.0.Beta1-SNAPSHOT"/>
        <artifact groupId="org.wildfly" artifactId="wildfly-ee-security" version="22.0.0.Beta1-SNAPSHOT"/>
        <artifact groupId="org.wildfly" artifactId="wildfly-ejb3" version="22.0.0.Beta1-SNAPSHOT"/>
        <artifact groupId="org.wildfly" artifactId="wildfly-iiop-openjdk" version="22.0.0.Beta1-SNAPSHOT"/>
        <artifact groupId="org.wildfly" artifactId="wildfly-jacorb" version="22.0.0.Beta1-SNAPSHOT"/>
        <artifact groupId="org.wildfly" artifactId="wildfly-jaxr" version="22.0.0.Beta1-SNAPSHOT"/>
        <artifact groupId="org.wildfly" artifactId="wildfly-jaxrs" version="22.0.0.Beta1-SNAPSHOT"/>
        <artifact groupId="org.wildfly" artifactId="wildfly-jdr" version="22.0.0.Beta1-SNAPSHOT"/>
        <artifact groupId="org.wildfly" artifactId="wildfly-jpa" version="22.0.0.Beta1-SNAPSHOT"/>
        <artifact groupId="org.wildfly" artifactId="wildfly-jsf" version="22.0.0.Beta1-SNAPSHOT"/>
        <artifact groupId="org.wildfly" artifactId="wildfly-jsf-injection" version="22.0.0.Beta1-SNAPSHOT"/>
        <artifact groupId="org.wildfly" artifactId="wildfly-jsr77" version="22.0.0.Beta1-SNAPSHOT"/>
        <artifact groupId="org.wildfly" artifactId="wildfly-mail" version="22.0.0.Beta1-SNAPSHOT"/>
        <artifact groupId="org.wildfly" artifactId="wildfly-messaging" version="22.0.0.Beta1-SNAPSHOT"/>
        <artifact groupId="org.wildfly" artifactId="wildfly-messaging-activemq" version="22.0.0.Beta1-SNAPSHOT"/>
        <artifact groupId="org.wildfly" artifactId="wildfly-microprofile-config-smallrye" version="22.0.0.Beta1-SNAPSHOT"/>
        <artifact groupId="org.wildfly" artifactId="wildfly-microprofile-health-smallrye" version="22.0.0.Beta1-SNAPSHOT"/>
        <artifact groupId="org.wildfly" artifactId="wildfly-microprofile-metrics-smallrye" version="22.0.0.Beta1-SNAPSHOT"/>
        <artifact groupId="org.wildfly" artifactId="wildfly-microprofile-opentracing-extension" version="22.0.0.Beta1-SNAPSHOT"/>
        <artifact groupId="org.wildfly" artifactId="wildfly-microprofile-opentracing-smallrye" version="22.0.0.Beta1-SNAPSHOT"/>
        <artifact groupId="org.wildfly" artifactId="wildfly-mod_cluster-extension" version="22.0.0.Beta1-SNAPSHOT"/>
        <artifact groupId="org.wildfly" artifactId="wildfly-mod_cluster-undertow" version="22.0.0.Beta1-SNAPSHOT"/>
        <artifact groupId="org.wildfly" artifactId="wildfly-naming-client" version="1.0.13.Final"/>
        <artifact groupId="org.wildfly" artifactId="wildfly-ormtransformer" version="22.0.0.Beta1-SNAPSHOT"/>
        <artifact groupId="org.wildfly" artifactId="wildfly-picketlink" version="22.0.0.Beta1-SNAPSHOT"/>
        <artifact groupId="org.wildfly" artifactId="wildfly-pojo" version="22.0.0.Beta1-SNAPSHOT"/>
        <artifact groupId="org.wildfly" artifactId="wildfly-rts" version="22.0.0.Beta1-SNAPSHOT"/>
        <artifact groupId="org.wildfly" artifactId="wildfly-sar" version="22.0.0.Beta1-SNAPSHOT"/>
        <artifact groupId="org.wildfly" artifactId="wildfly-security-api" version="22.0.0.Beta1-SNAPSHOT"/>
        <artifact groupId="org.wildfly" artifactId="wildfly-security-vault-tool" version="22.0.0.Beta1-SNAPSHOT"/>
        <artifact groupId="org.wildfly" artifactId="wildfly-servlet-feature-pack" version="22.0.0.Beta1-SNAPSHOT" extension="zip"/>
        <artifact groupId="org.wildfly" artifactId="wildfly-system-jmx" version="22.0.0.Beta1-SNAPSHOT"/>
        <artifact groupId="org.wildfly" artifactId="wildfly-transactions" version="22.0.0.Beta1-SNAPSHOT"/>
        <artifact groupId="org.wildfly" artifactId="wildfly-web" version="22.0.0.Beta1-SNAPSHOT"/>
        <artifact groupId="org.wildfly" artifactId="wildfly-webservices-server-integration" version="22.0.0.Beta1-SNAPSHOT"/>
        <artifact groupId="org.wildfly" artifactId="wildfly-weld" version="22.0.0.Beta1-SNAPSHOT"/>
        <artifact groupId="org.wildfly" artifactId="wildfly-weld-bean-validation" version="22.0.0.Beta1-SNAPSHOT"/>
        <artifact groupId="org.wildfly" artifactId="wildfly-weld-common" version="22.0.0.Beta1-SNAPSHOT"/>
        <artifact groupId="org.wildfly" artifactId="wildfly-weld-ejb" version="22.0.0.Beta1-SNAPSHOT"/>
        <artifact groupId="org.wildfly" artifactId="wildfly-weld-jpa" version="22.0.0.Beta1-SNAPSHOT"/>
        <artifact groupId="org.wildfly" artifactId="wildfly-weld-spi" version="22.0.0.Beta1-SNAPSHOT"/>
        <artifact groupId="org.wildfly" artifactId="wildfly-weld-transactions" version="22.0.0.Beta1-SNAPSHOT"/>
        <artifact groupId="org.wildfly" artifactId="wildfly-weld-webservices" version="22.0.0.Beta1-SNAPSHOT"/>
        <artifact groupId="org.wildfly" artifactId="wildfly-xts" version="22.0.0.Beta1-SNAPSHOT"/>
        <artifact groupId="org.wildfly.core" artifactId="wildfly-cli" version="14.0.0.Beta1" classifier="client"/>
        <artifact groupId="org.wildfly.core" artifactId="wildfly-version" version="14.0.0.Beta1"/>
        <artifact groupId="org.wildfly.discovery" artifactId="wildfly-discovery-client" version="1.2.1.Final"/>
        <artifact groupId="org.wildfly.transaction" artifactId="wildfly-transaction-client" version="1.1.13.Final"/>
        <artifact groupId="org.wildfly.wildfly-http-client" artifactId="wildfly-http-client-common" version="1.1.2.Final"/>
        <artifact groupId="org.wildfly.wildfly-http-client" artifactId="wildfly-http-ejb-client" version="1.1.2.Final"/>
        <artifact groupId="org.wildfly.wildfly-http-client" artifactId="wildfly-http-naming-client" version="1.1.2.Final"/>
        <artifact groupId="org.wildfly.wildfly-http-client" artifactId="wildfly-http-transaction-client" version="1.1.2.Final"/>
        <artifact groupId="org.yaml" artifactId="snakeyaml" version="1.26"/>
        <artifact groupId="wsdl4j" artifactId="wsdl4j" version="1.6.3"/>
        <artifact groupId="xml-resolver" artifactId="xml-resolver" version="1.2"/>
    </artifact-versions>
    <config>
        <standalone template="configuration/standalone/template.xml" subsystems="configuration/standalone/subsystems.xml" output-file="standalone/configuration/standalone.xml"/>
        <standalone template="configuration/standalone/template.xml" subsystems="configuration/standalone/subsystems-full.xml" output-file="standalone/configuration/standalone-full.xml"/>
        <standalone template="configuration/standalone/template.xml" subsystems="configuration/standalone/subsystems-ha.xml" output-file="standalone/configuration/standalone-ha.xml">
            <property name="mod_cluster.supplement" value=""/>
            <property name="jgroups.supplement" value=""/>
        </standalone>
        <standalone template="configuration/standalone/template.xml" subsystems="configuration/standalone/subsystems-full-ha.xml" output-file="standalone/configuration/standalone-full-ha.xml">
            <property name="mod_cluster.supplement" value=""/>
            <property name="jgroups.supplement" value=""/>
        </standalone>
        <standalone template="configuration/standalone/template.xml" subsystems="configuration/standalone/subsystems-load-balancer.xml" output-file="standalone/configuration/standalone-load-balancer.xml"/>
        <standalone template="configuration/standalone/template.xml" subsystems="configuration/examples/subsystems-activemq-colocated.xml" output-file="docs/examples/configs/standalone-activemq-colocated.xml"/>
        <standalone template="configuration/standalone/template.xml" subsystems="configuration/standalone/subsystems-full-ha.xml" output-file="docs/examples/configs/standalone-ec2-full-ha.xml">
            <property name="mod_cluster.supplement" value="no-multicast"/>
            <property name="jgroups.supplement" value="ec2"/>
        </standalone>
        <standalone template="configuration/standalone/template.xml" subsystems="configuration/standalone/subsystems-ha.xml" output-file="docs/examples/configs/standalone-ec2-ha.xml">
            <property name="mod_cluster.supplement" value="no-multicast"/>
            <property name="jgroups.supplement" value="ec2"/>
        </standalone>
        <standalone template="configuration/standalone/template.xml" subsystems="configuration/standalone/subsystems-full-ha.xml" output-file="docs/examples/configs/standalone-azure-full-ha.xml">
            <property name="mod_cluster.supplement" value="no-multicast"/>
            <property name="jgroups.supplement" value="azure"/>
        </standalone>
        <standalone template="configuration/standalone/template.xml" subsystems="configuration/standalone/subsystems-ha.xml" output-file="docs/examples/configs/standalone-azure-ha.xml">
            <property name="mod_cluster.supplement" value="no-multicast"/>
            <property name="jgroups.supplement" value="azure"/>
        </standalone>
        <standalone template="configuration/standalone/template.xml" subsystems="configuration/standalone/subsystems-full-ha.xml" output-file="docs/examples/configs/standalone-gossip-full-ha.xml">
            <property name="mod_cluster.supplement" value="no-multicast"/>
            <property name="jgroups.supplement" value="gossip"/>
        </standalone>
        <standalone template="configuration/standalone/template.xml" subsystems="configuration/standalone/subsystems-ha.xml" output-file="docs/examples/configs/standalone-gossip-ha.xml">
            <property name="mod_cluster.supplement" value="no-multicast"/>
            <property name="jgroups.supplement" value="gossip"/>
        </standalone>
        <standalone template="configuration/standalone/template.xml" subsystems="configuration/examples/subsystems-jts.xml" output-file="docs/examples/configs/standalone-jts.xml"/>
        <standalone template="configuration/standalone/template.xml" subsystems="configuration/examples/subsystems-xts.xml" output-file="docs/examples/configs/standalone-xts.xml"/>
        <standalone template="configuration/standalone/template.xml" subsystems="configuration/examples/subsystems-rts.xml" output-file="docs/examples/configs/standalone-rts.xml"/>
        <standalone template="configuration/standalone/template.xml" subsystems="configuration/examples/subsystems-genericjms.xml" output-file="docs/examples/configs/standalone-genericjms.xml"/>
        <standalone template="configuration/standalone/template.xml" subsystems="configuration/examples/subsystems-picketlink.xml" output-file="docs/examples/configs/standalone-picketlink.xml"/>
        <domain template="configuration/domain/template.xml" subsystems="configuration/domain/subsystems.xml" output-file="docs/examples/configs/domain-ec2.xml">
            <property name="mod_cluster.supplement" value="no-multicast"/>
            <property name="jgroups.supplement" value="ec2"/>
        </domain>
        <domain template="configuration/domain/template.xml" subsystems="configuration/domain/subsystems.xml" output-file="domain/configuration/domain.xml">
            <property name="mod_cluster.supplement" value=""/>
            <property name="jgroups.supplement" value=""/>
        </domain>
        <host template="configuration/host/host.xml" subsystems="configuration/host/subsystems.xml" output-file="domain/configuration/host.xml"/>
        <host template="configuration/host/host-master.xml" subsystems="configuration/host/subsystems.xml" output-file="domain/configuration/host-master.xml"/>
        <host template="configuration/host/host-slave.xml" subsystems="configuration/host/subsystems.xml" output-file="domain/configuration/host-slave.xml"/>
    </config>
    <copy-artifacts>
        <copy-artifact artifact="org.jboss.resteasy:resteasy-spring" to-location="modules/system/layers/base/org/jboss/resteasy/resteasy-spring/main/bundled/resteasy-spring-jar/"/>
        <copy-artifact artifact="org.jboss.seam.integration:jboss-seam-int-jbossas" to-location="modules/system/layers/base/org/jboss/integration/ext-content/main/bundled/jboss-seam-int-jbossas.jar"/>
        <copy-artifact artifact="org.wildfly:wildfly-client-all" to-location="bin/client/jboss-client.jar"/>
        <copy-artifact artifact="org.wildfly.core:wildfly-cli::client" to-location="bin/client/jboss-cli-client.jar"/>
        <copy-artifact artifact="org.apache.activemq:activemq-artemis-native" to-location="modules/system/layers/base/org/apache/activemq/artemis/journal/main" extract="true">
            <filter pattern="lib/*" include="true"/>
            <filter pattern="*" include="false"/>
        </copy-artifact>
    </copy-artifacts>
    <file-permissions>
        <permission value="755">
            <filter pattern="*.sh" include="true"/>
            <filter pattern="*" include="false"/>
        </permission>
        <permission value="771">
            <filter pattern="*/tmp" include="true"/>
        </permission>
        <permission value="751">
            <filter pattern="bin" include="true"/>
            <filter pattern="domain" include="true"/>
            <filter pattern="migration" include="true"/>
            <filter pattern="standalone" include="true"/>
            <filter pattern="bin/client" include="true"/>
            <filter pattern="docs/examples" include="true"/>
            <filter pattern="docs/schema" include="true"/>
            <filter pattern="docs/licenses" include="true"/>
        </permission>
        <permission value="700">
            <filter pattern="*/tmp/auth" include="true"/>
            <filter pattern="*" include="false"/>
        </permission>
        <permission value="644">
            <filter pattern="*.jar" include="true"/>
        </permission>
        <permission value="600">
            <filter pattern="*-users.properties" include="true"/>
            <filter pattern=".installation" include="true"/>
            <filter pattern="*/configuration/logging.properties" include="true"/>
            <filter pattern="domain/configuration/default-server-logging.properties" include="true"/>
        </permission>
    </file-permissions>
</feature-pack>
