<?xml version="1.0" ?>

<feature-spec xmlns="urn:jboss:galleon:feature-spec:1.0" name="subsystem.messaging-activemq.socket-discovery-group">
    <annotation name="jboss-op">
        <elem name="name" value="add"/>
        <elem name="op-params" value="initial-wait-timeout,refresh-timeout,socket-binding"/>
        <elem name="addr-params" value="profile,subsystem,socket-discovery-group"/>
    </annotation>
    <annotation name="feature-branch">
        <elem name="id" value="subsystem.messaging-activemq"/>
    </annotation>
    <provides>
        <capability name="$profile.org.wildfly.messaging.activemq.socket-discovery-group.messaging-activemq.$socket-discovery-group"/>
    </provides>
    <refs>
        <ref feature="subsystem.messaging-activemq"/>
        <ref feature="profile" nillable="true"/>
    </refs>
    <params>
        <param name="refresh-timeout" nillable="true"/>
        <param name="subsystem" feature-id="true" default="messaging-activemq"/>
        <param name="socket-binding"/>
        <param name="initial-wait-timeout" nillable="true"/>
        <param name="socket-discovery-group" feature-id="true"/>
        <param name="profile" feature-id="true" default="GLN_UNDEFINED"/>
    </params>
</feature-spec>