<?xml version="1.0" encoding="UTF-8"?>

<!--
  ~ JBoss, Home of Professional Open Source.
  ~ Copyright 2010, Red Hat, Inc., and individual contributors
  ~ as indicated by the @author tags. See the copyright.txt file in the
  ~ distribution for a full listing of individual contributors.
  ~
  ~ This is free software; you can redistribute it and/or modify it
  ~ under the terms of the GNU Lesser General Public License as
  ~ published by the Free Software Foundation; either version 2.1 of
  ~ the License, or (at your option) any later version.
  ~
  ~ This software is distributed in the hope that it will be useful,
  ~ but WITHOUT ANY WARRANTY; without even the implied warranty of
  ~ MERCHANTABILITY or FITNESS FOR A PARTICULAR PURPOSE. See the GNU
  ~ Lesser General Public License for more details.
  ~
  ~ You should have received a copy of the GNU Lesser General Public
  ~ License along with this software; if not, write to the Free
  ~ Software Foundation, Inc., 51 Franklin St, Fifth Floor, Boston, MA
  ~ 02110-1301 USA, or see the FSF site: http://www.fsf.org.
  -->

<module xmlns="urn:jboss:module:1.5" name="org.jboss.as.connector">
    <properties>
        <property name="jboss.api" value="private"/>
    </properties>

    <exports>
        <exclude path="org/jboss/as/connector/logging"/>
    </exports>

    <resources>
        <artifact name="${org.wildfly:wildfly-connector}"/>
    </resources>

    <dependencies>
        <module name="javax.security.auth.message.api" />
        <module name="sun.jdk"/>
        <module name="javax.api"/>
        <module name="javax.resource.api"/>
        <module name="javax.transaction.api"/>
        <module name="javax.annotation.api"/>
        <module name="javax.validation.api"/>
        <module name="org.hibernate.validator" services="import"/>
        <module name="org.jboss.as.controller"/>
        <module name="org.jboss.as.naming"/>
        <module name="org.jboss.as.server" />
        <module name="org.wildfly.security.elytron-private"/>
        <module name="org.jboss.as.security" />
        <module name="org.jboss.as.core-security"/>
        <module name="org.jboss.as.ee" />
        <module name="org.jboss.as.threads"/>
        <module name="org.jboss.as.transactions"/>
        <module name="org.jboss.invocation"/>
        <module name="org.jboss.jboss-transaction-spi"/>
        <module name="org.jboss.ironjacamar.api"/>
        <module name="org.jboss.ironjacamar.impl"/>
        <module name="org.jboss.ironjacamar.jdbcadapters"/>
        <module name="org.jboss.jandex"/>
        <module name="org.jboss.jts.integration"/>
        <module name="org.wildfly.transaction.client"/>
        <module name="org.jboss.logging"/>
        <module name="org.jboss.metadata.common"/>
        <module name="org.jboss.modules"/>
        <module name="org.jboss.msc"/>
        <module name="org.jboss.staxmapper"/>
        <module name="org.jboss.threads"/>
        <module name="org.jboss.vfs"/>
        <module name="org.picketbox"/>
        <module name="org.wildfly.clustering.api"/>
        <module name="org.wildfly.clustering.marshalling.jboss"/>
        <module name="org.wildfly.clustering.service"/>
        <module name="org.wildfly.clustering.spi"/>
        <module name="org.wildfly.common"/>
        <module name="org.glassfish.jakarta.el"/>
    </dependencies>

</module>
