<?xml version="1.0" ?>

<feature-spec xmlns="urn:jboss:galleon:feature-spec:1.0" name="subsystem.ejb3.remoting-profile.remoting-ejb-receiver">
    <annotation name="jboss-op">
        <elem name="name" value="add"/>
        <elem name="op-params" value="connect-timeout,outbound-connection-ref"/>
        <elem name="addr-params" value="profile,subsystem,remoting-profile,remoting-ejb-receiver"/>
    </annotation>
    <annotation name="feature-branch">
        <elem name="id" value="subsystem.ejb3"/>
    </annotation>
    <refs>
        <ref feature="subsystem.ejb3.remoting-profile"/>
        <ref feature="subsystem.ejb3"/>
        <ref feature="profile" nillable="true"/>
    </refs>
    <params>
        <param name="connect-timeout" nillable="true"/>
        <param name="subsystem" feature-id="true" default="ejb3"/>
        <param name="remoting-profile" feature-id="true"/>
        <param name="remoting-ejb-receiver" feature-id="true"/>
        <param name="outbound-connection-ref"/>
        <param name="profile" feature-id="true" default="GLN_UNDEFINED"/>
    </params>
</feature-spec>