<?xml version="1.0" ?>
<layer-spec xmlns="urn:jboss:galleon:layer-spec:1.0" name="jpa-distributed">
    <dependencies>
        <layer name="datasources"/>
        <layer name="microprofile-metrics"/><!-- Infinispan runtime dependency -->
    </dependencies>
    <feature-group name="jpa"/>

    <origin name="org.wildfly:wildfly-servlet-galleon-pack">
        <feature-group name="private-interface"/>
    </origin>

    <feature-group name="jgroups-all"/>
    <feature-group name="infinispan-dist-hibernate"/>
</layer-spec>