<?xml version="1.0" ?>

<feature-spec xmlns="urn:jboss:galleon:feature-spec:1.0" name="subsystem.jca.distributed-workmanager.long-running-threads.keepalive-time">
    <annotation name="jboss-op">
        <elem name="name" value="write-attribute"/>
        <elem name="op-params" value="time,unit"/>
        <elem name="complex-attribute" value="keepalive-time"/>
        <elem name="addr-params" value="profile,subsystem,distributed-workmanager,long-running-threads"/>
    </annotation>
    <annotation name="feature-branch">
        <elem name="id" value="subsystem.jca"/>
    </annotation>
    <refs>
        <ref feature="subsystem.jca.distributed-workmanager.long-running-threads"/>
        <ref feature="profile" nillable="true"/>
    </refs>
    <params>
        <param name="subsystem" feature-id="true" default="jca"/>
        <param name="distributed-workmanager" feature-id="true"/>
        <param name="long-running-threads" feature-id="true"/>
        <param name="unit"/>
        <param name="time"/>
        <param name="profile" feature-id="true" default="GLN_UNDEFINED"/>
    </params>
</feature-spec>