<?xml version="1.0" encoding="UTF-8"?>
<!--
  ~ JBoss, Home of Professional Open Source.
  ~
  ~ Copyright 2019 Red Hat, Inc., and individual contributors
  ~ as indicated by the @author tags.
  ~
  ~ Licensed under the Apache License, Version 2.0 (the "License");
  ~ you may not use this file except in compliance with the License.
  ~ You may obtain a copy of the License at
  ~
  ~     http://www.apache.org/licenses/LICENSE-2.0
  ~
  ~ Unless required by applicable law or agreed to in writing, software
  ~ distributed under the License is distributed on an "AS IS" BASIS,
  ~ WITHOUT WARRANTIES OR CONDITIONS OF ANY KIND, either express or implied.
  ~ See the License for the specific language governing permissions and
  ~ limitations under the License.
  -->
<module name="org.glassfish.jakarta.json" xmlns="urn:jboss:module:1.9">

    <properties>
        <property name="jboss.api" value="private"/>
    </properties>

    <dependencies>
        <module name="javax.json.api"/>
    </dependencies>
    <resources>
        <artifact name="org.glassfish:jakarta.json:1.1.6">
            <filter>
                <!-- This artifact packages both the API and the impl in the same jar,
                     but we want to use our own API jar (see javax.json.api module).
                     So suppress the API packages. -->
                <exclude path="javax/*"/>
            </filter>
        </artifact>
    </resources>
</module>
