<?xml version="1.0" ?>

<feature-spec xmlns="urn:jboss:galleon:feature-spec:1.0" name="subsystem.undertow.server.https-listener">
    <annotation name="jboss-op">
        <elem name="name" value="add"/>
        <elem name="op-params" value="allow-encoded-slash,allow-equals-in-cookie-value,allow-unescaped-characters-in-url,always-set-keep-alive,buffer-pipelined-data,buffer-pool,certificate-forwarding,decode-url,disallowed-methods,enable-http2,enable-spdy,enabled,enabled-cipher-suites,enabled-protocols,http2-enable-push,http2-header-table-size,http2-initial-window-size,http2-max-concurrent-streams,http2-max-frame-size,http2-max-header-list-size,max-buffered-request-size,max-connections,max-cookies,max-header-size,max-headers,max-parameters,max-post-size,no-request-timeout,proxy-address-forwarding,proxy-protocol,read-timeout,receive-buffer,record-request-start-time,request-parse-timeout,require-host-http11,resolve-peer-address,rfc6265-cookie-validation,secure,security-realm,send-buffer,socket-binding,ssl-context,ssl-session-cache-size,ssl-session-timeout,tcp-backlog,tcp-keep-alive,url-charset,verify-client,worker,write-timeout"/>
        <elem name="addr-params" value="profile,subsystem,server,https-listener"/>
    </annotation>
    <annotation name="feature-branch">
        <elem name="id" value="subsystem.undertow"/>
    </annotation>
    <provides>
        <capability name="$profile.org.wildfly.undertow.listener.$https-listener"/>
    </provides>
    <requires>
        <capability name="$profile.org.wildfly.security.ssl-context.$ssl-context" optional="true"/>
        <capability name="$profile.org.wildfly.io.worker.$worker" optional="true"/>
        <capability name="org.wildfly.network.socket-binding.$socket-binding"/>
        <capability name="$profile.org.wildfly.undertow.byte-buffer-pool.$buffer-pool" optional="true"/>
    </requires>
    <refs>
        <ref feature="subsystem.undertow.server"/>
        <ref feature="subsystem.undertow"/>
        <ref feature="profile" nillable="true"/>
    </refs>
    <params>
        <param name="disallowed-methods" nillable="true" type="List&lt;String&gt;"/>
        <param name="request-parse-timeout" nillable="true"/>
        <param name="ssl-session-timeout" nillable="true"/>
        <param name="certificate-forwarding" nillable="true"/>
        <param name="read-timeout" nillable="true"/>
        <param name="allow-unescaped-characters-in-url" nillable="true"/>
        <param name="subsystem" feature-id="true" default="undertow"/>
        <param name="max-connections" nillable="true"/>
        <param name="resolve-peer-address" nillable="true"/>
        <param name="ssl-context" nillable="true"/>
        <param name="secure" nillable="true"/>
        <param name="enable-http2" nillable="true"/>
        <param name="max-buffered-request-size" nillable="true"/>
        <param name="record-request-start-time" nillable="true"/>
        <param name="max-parameters" nillable="true"/>
        <param name="ssl-session-cache-size" nillable="true"/>
        <param name="worker" nillable="true" default="default"/>
        <param name="https-listener" feature-id="true"/>
        <param name="no-request-timeout" nillable="true"/>
        <param name="profile" feature-id="true" default="GLN_UNDEFINED"/>
        <param name="enable-spdy" nillable="true"/>
        <param name="security-realm" nillable="true"/>
        <param name="buffer-pool" nillable="true" default="default"/>
        <param name="verify-client" nillable="true"/>
        <param name="write-timeout" nillable="true"/>
        <param name="max-post-size" nillable="true"/>
        <param name="max-header-size" nillable="true"/>
        <param name="rfc6265-cookie-validation" nillable="true"/>
        <param name="max-cookies" nillable="true"/>
        <param name="server" feature-id="true"/>
        <param name="send-buffer" nillable="true"/>
        <param name="tcp-backlog" nillable="true"/>
        <param name="enabled-cipher-suites" nillable="true"/>
        <param name="http2-header-table-size" nillable="true"/>
        <param name="enabled" nillable="true"/>
        <param name="enabled-protocols" nillable="true"/>
        <param name="receive-buffer" nillable="true"/>
        <param name="require-host-http11" nillable="true"/>
        <param name="url-charset" nillable="true"/>
        <param name="max-headers" nillable="true"/>
        <param name="allow-encoded-slash" nillable="true"/>
        <param name="tcp-keep-alive" nillable="true"/>
        <param name="http2-max-header-list-size" nillable="true"/>
        <param name="allow-equals-in-cookie-value" nillable="true"/>
        <param name="decode-url" nillable="true"/>
        <param name="http2-initial-window-size" nillable="true"/>
        <param name="proxy-protocol" nillable="true"/>
        <param name="socket-binding"/>
        <param name="http2-enable-push" nillable="true"/>
        <param name="http2-max-concurrent-streams" nillable="true"/>
        <param name="http2-max-frame-size" nillable="true"/>
        <param name="always-set-keep-alive" nillable="true"/>
        <param name="buffer-pipelined-data" nillable="true"/>
        <param name="proxy-address-forwarding" nillable="true"/>
    </params>
</feature-spec>