<?xml version='1.0' encoding='UTF-8'?>

<feature-pack xmlns="urn:wildfly:feature-pack:1.1">
    <dependencies>
        <artifact name="org.wildfly.core:wildfly-core-feature-pack"/>
    </dependencies>
    <artifact-versions>
        <artifact groupId="com.sun.activation" artifactId="jakarta.activation" version="1.2.1"/>
        <artifact groupId="io.undertow" artifactId="undertow-servlet" version="2.2.2.Final"/>
        <artifact groupId="io.undertow" artifactId="undertow-websockets-jsr" version="2.2.2.Final"/>
        <artifact groupId="io.undertow.jastow" artifactId="jastow" version="2.0.9.Final"/>
        <artifact groupId="jakarta.enterprise" artifactId="jakarta.enterprise.cdi-api" version="2.0.2"/>
        <artifact groupId="jakarta.inject" artifactId="jakarta.inject-api" version="1.0.1"/>
        <artifact groupId="jakarta.json.bind" artifactId="jakarta.json.bind-api" version="1.0.2"/>
        <artifact groupId="jakarta.validation" artifactId="jakarta.validation-api" version="2.0.2"/>
        <artifact groupId="org.apache.taglibs" artifactId="taglibs-standard-compat" version="1.2.6-RC1"/>
        <artifact groupId="org.apache.taglibs" artifactId="taglibs-standard-impl" version="1.2.6-RC1"/>
        <artifact groupId="org.apache.taglibs" artifactId="taglibs-standard-spec" version="1.2.6-RC1"/>
        <artifact groupId="org.eclipse" artifactId="yasson" version="1.0.5"/>
        <artifact groupId="org.eclipse.jdt.core.compiler" artifactId="ecj" version="4.6.1"/>
        <artifact groupId="org.glassfish" artifactId="jakarta.el" version="3.0.3.jbossorg-2"/>
        <artifact groupId="org.glassfish" artifactId="jakarta.enterprise.concurrent" version="1.1.1"/>
        <artifact groupId="org.jboss.common" artifactId="jboss-common-beans" version="2.0.1.Final"/>
        <artifact groupId="org.jboss.metadata" artifactId="jboss-metadata-common" version="13.0.0.Final"/>
        <artifact groupId="org.jboss.metadata" artifactId="jboss-metadata-ear" version="13.0.0.Final"/>
        <artifact groupId="org.jboss.metadata" artifactId="jboss-metadata-web" version="13.0.0.Final"/>
        <artifact groupId="org.jboss.security" artifactId="jboss-negotiation-common" version="3.0.6.Final"/>
        <artifact groupId="org.jboss.security" artifactId="jboss-negotiation-extras" version="3.0.6.Final"/>
        <artifact groupId="org.jboss.security" artifactId="jboss-negotiation-ntlm" version="3.0.6.Final"/>
        <artifact groupId="org.jboss.security" artifactId="jboss-negotiation-spnego" version="3.0.6.Final"/>
        <artifact groupId="org.jboss.spec.javax.annotation" artifactId="jboss-annotations-api_1.3_spec" version="2.0.1.Final"/>
        <artifact groupId="org.jboss.spec.javax.el" artifactId="jboss-el-api_3.0_spec" version="2.0.0.Final"/>
        <artifact groupId="org.jboss.spec.javax.enterprise.concurrent" artifactId="jboss-concurrency-api_1.0_spec" version="2.0.0.Final"/>
        <artifact groupId="org.jboss.spec.javax.servlet" artifactId="jboss-servlet-api_4.0_spec" version="2.0.0.Final"/>
        <artifact groupId="org.jboss.spec.javax.servlet.jsp" artifactId="jboss-jsp-api_2.3_spec" version="2.0.0.Final"/>
        <artifact groupId="org.jboss.spec.javax.transaction" artifactId="jboss-transaction-api_1.3_spec" version="2.0.0.Final"/>
        <artifact groupId="org.jboss.spec.javax.websocket" artifactId="jboss-websocket-api_1.1_spec" version="2.0.0.Final"/>
        <artifact groupId="org.picketbox" artifactId="picketbox" version="5.0.3.Final-redhat-00007"/>
        <artifact groupId="org.picketbox" artifactId="picketbox-commons" version="1.0.0.final"/>
        <artifact groupId="org.picketbox" artifactId="picketbox-infinispan" version="5.0.3.Final-redhat-00007"/>
        <artifact groupId="org.wildfly" artifactId="wildfly-clustering-common" version="22.0.0.Beta1-SNAPSHOT"/>
        <artifact groupId="org.wildfly" artifactId="wildfly-clustering-service" version="22.0.0.Beta1-SNAPSHOT"/>
        <artifact groupId="org.wildfly" artifactId="wildfly-clustering-web-container" version="22.0.0.Beta1-SNAPSHOT"/>
        <artifact groupId="org.wildfly" artifactId="wildfly-ee" version="22.0.0.Beta1-SNAPSHOT"/>
        <artifact groupId="org.wildfly" artifactId="wildfly-naming" version="22.0.0.Beta1-SNAPSHOT"/>
        <artifact groupId="org.wildfly" artifactId="wildfly-naming-client" version="1.0.13.Final"/>
        <artifact groupId="org.wildfly" artifactId="wildfly-security" version="22.0.0.Beta1-SNAPSHOT"/>
        <artifact groupId="org.wildfly" artifactId="wildfly-security-integration" version="22.0.0.Beta1-SNAPSHOT"/>
        <artifact groupId="org.wildfly" artifactId="wildfly-security-plugins" version="22.0.0.Beta1-SNAPSHOT"/>
        <artifact groupId="org.wildfly" artifactId="wildfly-undertow" version="22.0.0.Beta1-SNAPSHOT"/>
        <artifact groupId="org.wildfly" artifactId="wildfly-web-common" version="22.0.0.Beta1-SNAPSHOT"/>
        <artifact groupId="org.wildfly.core" artifactId="wildfly-core-feature-pack" version="14.0.0.Beta1" extension="zip"/>
        <artifact groupId="org.wildfly.core" artifactId="wildfly-elytron-integration" version="14.0.0.Beta1"/>
        <artifact groupId="org.wildfly.core" artifactId="wildfly-event-logger" version="14.0.0.Beta1"/>
        <artifact groupId="org.wildfly.security.elytron-web" artifactId="undertow-server-servlet" version="1.8.0.Final"/>
        <artifact groupId="org.wildfly.wildfly-http-client" artifactId="wildfly-http-client-common" version="1.1.2.Final"/>
        <artifact groupId="org.wildfly.wildfly-http-client" artifactId="wildfly-http-naming-client" version="1.1.2.Final"/>
        <artifact groupId="xalan" artifactId="serializer" version="2.7.1.jbossorg-4"/>
        <artifact groupId="xalan" artifactId="xalan" version="2.7.1.jbossorg-4"/>
    </artifact-versions>
    <config>
        <standalone template="configuration/standalone/template.xml" subsystems="configuration/standalone/subsystems.xml" output-file="standalone/configuration/standalone.xml"/>
        <standalone template="configuration/standalone/template.xml" subsystems="configuration/standalone/subsystems-load-balancer.xml" output-file="standalone/configuration/standalone-load-balancer.xml"/>
        <domain template="configuration/domain/template.xml" subsystems="configuration/domain/subsystems.xml" output-file="domain/configuration/domain.xml"/>
        <host template="configuration/host/host.xml" subsystems="configuration/host/subsystems.xml" output-file="domain/configuration/host.xml"/>
        <host template="configuration/host/host-master.xml" subsystems="configuration/host/subsystems.xml" output-file="domain/configuration/host-master.xml"/>
        <host template="configuration/host/host-slave.xml" subsystems="configuration/host/subsystems.xml" output-file="domain/configuration/host-slave.xml"/>
    </config>
    <file-permissions>
        <permission value="755">
            <filter pattern="*.sh" include="true"/>
        </permission>
        <permission value="700">
            <filter pattern="*/tmp/auth" include="true"/>
        </permission>
        <permission value="600">
            <filter pattern="*-users.properties" include="true"/>
            <filter pattern="*/.installation" include="true"/>
        </permission>
    </file-permissions>
</feature-pack>
