<?xml version="1.0" ?>

<feature-spec xmlns="urn:jboss:galleon:feature-spec:1.0" name="subsystem.batch-jberet.thread-factory">
    <annotation name="jboss-op">
        <elem name="name" value="add"/>
        <elem name="op-params" value="group-name,priority,thread-name-pattern"/>
        <elem name="addr-params" value="profile,subsystem,thread-factory"/>
    </annotation>
    <annotation name="feature-branch">
        <elem name="id" value="subsystem.batch-jberet"/>
    </annotation>
    <provides>
        <capability name="$profile.org.wildfly.threads.thread-factory.$thread-factory"/>
    </provides>
    <refs>
        <ref feature="subsystem.batch-jberet"/>
        <ref feature="profile" nillable="true"/>
    </refs>
    <params>
        <param name="thread-factory" feature-id="true"/>
        <param name="subsystem" feature-id="true" default="batch-jberet"/>
        <param name="group-name" nillable="true"/>
        <param name="priority" nillable="true"/>
        <param name="thread-name-pattern" nillable="true"/>
        <param name="profile" feature-id="true" default="GLN_UNDEFINED"/>
    </params>
</feature-spec>