<?xml version="1.0" encoding="UTF-8"?>
<!--
  ~ JBoss, Home of Professional Open Source.
  ~ Copyright 2015, Red Hat, Inc., and individual contributors
  ~ as indicated by the @author tags. See the copyright.txt file in the
  ~ distribution for a full listing of individual contributors.
  ~
  ~ This is free software; you can redistribute it and/or modify it
  ~ under the terms of the GNU Lesser General Public License as
  ~ published by the Free Software Foundation; either version 2.1 of
  ~ the License, or (at your option) any later version.
  ~
  ~ This software is distributed in the hope that it will be useful,
  ~ but WITHOUT ANY WARRANTY; without even the implied warranty of
  ~ MERCHANTABILITY or FITNESS FOR A PARTICULAR PURPOSE. See the GNU
  ~ Lesser General Public License for more details.
  ~
  ~ You should have received a copy of the GNU Lesser General Public
  ~ License along with this software; if not, write to the Free
  ~ Software Foundation, Inc., 51 Franklin St, Fifth Floor, Boston, MA
  ~ 02110-1301 USA, or see the FSF site: http://www.fsf.org.
  -->
<module name="org.wildfly.extension.batch.jberet" xmlns="urn:jboss:module:1.5">
    <properties>
        <property name="jboss.api" value="private"/>
    </properties>

    <exports>
        <exclude path="org/wildfly/extension/batch/jberet/_private"/>
    </exports>

    <resources>
        <artifact name="org.wildfly:wildfly-batch-jberet:21.0.0.Beta1-SNAPSHOT"/>
    </resources>

    <dependencies>
        <module name="javax.api"/>
        <module name="javax.batch.api"/>
        <module name="javax.enterprise.api"/>
        <module name="javax.transaction.api"/>
        <module name="org.jberet.jberet-core" services="import"/>
        <module name="org.jboss.as.controller"/>
        <module name="org.jboss.as.ee"/>
        <module name="org.jboss.as.naming"/>
        <module name="org.jboss.as.threads"/>
        <module name="org.jboss.as.server"/>
        <!-- Only used if capability org.wildfly.weld is available -->
        <module name="org.jboss.as.weld.common" optional="true"/>
        <module name="org.jboss.logging"/>
        <module name="org.jboss.modules"/>
        <module name="org.jboss.msc"/>
        <module name="org.jboss.weld.api"/>
        <module name="org.jboss.weld.core"/>
        <module name="org.jboss.weld.spi"/>
        <module name="org.picketbox"/>
        <module name="org.jboss.staxmapper"/>
        <module name="org.jboss.vfs"/>
        <module name="org.wildfly.common"/>
        <module name="org.wildfly.extension.request-controller"/>
        <module name="org.wildfly.security.elytron-private"/>
        <module name="org.wildfly.transaction.client"/>
    </dependencies>
</module>
