<?xml version="1.0" ?>

<feature-spec xmlns="urn:jboss:galleon:feature-spec:1.0" name="subsystem.weld">
    <annotation name="jboss-op">
        <elem name="name" value="add"/>
        <elem name="op-params" value="development-mode,non-portable-mode,require-bean-descriptor,thread-pool-size"/>
        <elem name="addr-params" value="profile,subsystem"/>
    </annotation>
    <annotation name="feature-branch">
        <elem name="id" value="subsystem.weld"/>
    </annotation>
    <provides>
        <capability name="$profile.org.wildfly.weld"/>
    </provides>
    <refs>
        <ref feature="extension" include="true"/>
        <ref feature="profile" nillable="true"/>
    </refs>
    <params>
        <param name="extension" default="org.jboss.as.weld"/>
        <param name="require-bean-descriptor" nillable="true"/>
        <param name="non-portable-mode" nillable="true"/>
        <param name="profile" feature-id="true" default="GLN_UNDEFINED"/>
        <param name="host" default="GLN_UNDEFINED"/>
        <param name="subsystem" feature-id="true" default="weld"/>
        <param name="development-mode" nillable="true"/>
        <param name="thread-pool-size" nillable="true"/>
    </params>
    <packages>
        <package name="org.hibernate.validator.cdi"/>
        <package name="org.jboss.weld.probe" optional="true"/>
        <package name="javax.persistence.api"/>
        <package name="org.jboss.as.weld.webservices" passive="true"/>
        <package name="org.jboss.as.weld.transactions" passive="true"/>
        <package name="org.jboss.as.weld.ejb" passive="true"/>
        <package name="org.jboss.as.weld.jpa" passive="true"/>
        <package name="javax.inject.api"/>
        <package name="org.jboss.as.weld.beanvalidation" passive="true"/>
        <package name="org.jboss.as.weld"/>
    </packages>
</feature-spec>