<?xml version="1.0" ?>

<feature-spec xmlns="urn:jboss:galleon:feature-spec:1.0" name="subsystem.ejb3.service.async">
    <annotation name="jboss-op">
        <elem name="name" value="add"/>
        <elem name="op-params" value="thread-pool-name"/>
        <elem name="addr-params" value="profile,subsystem,service"/>
    </annotation>
    <annotation name="feature-branch">
        <elem name="id" value="subsystem.ejb3"/>
    </annotation>
    <provides>
        <capability name="$profile.org.wildfly.ejb3.async"/>
    </provides>
    <requires>
        <capability name="$profile.org.wildfly.threads.executor.ejb3.$thread-pool-name" optional="true"/>
    </requires>
    <refs>
        <ref feature="subsystem.ejb3"/>
        <ref feature="profile" nillable="true"/>
    </refs>
    <params>
        <param name="subsystem" feature-id="true" default="ejb3"/>
        <param name="service" feature-id="true" default="async"/>
        <param name="thread-pool-name" nillable="true"/>
        <param name="profile" feature-id="true" default="GLN_UNDEFINED"/>
    </params>
</feature-spec>