<?xml version="1.0" encoding="UTF-8"?>
<!--
  ~ JBoss, Home of Professional Open Source.
  ~ Copyright 2010, Red Hat, Inc., and individual contributors
  ~ as indicated by the @author tags. See the copyright.txt file in the
  ~ distribution for a full listing of individual contributors.
  ~
  ~ This is free software; you can redistribute it and/or modify it
  ~ under the terms of the GNU Lesser General Public License as
  ~ published by the Free Software Foundation; either version 2.1 of
  ~ the License, or (at your option) any later version.
  ~
  ~ This software is distributed in the hope that it will be useful,
  ~ but WITHOUT ANY WARRANTY; without even the implied warranty of
  ~ MERCHANTABILITY or FITNESS FOR A PARTICULAR PURPOSE. See the GNU
  ~ Lesser General Public License for more details.
  ~
  ~ You should have received a copy of the GNU Lesser General Public
  ~ License along with this software; if not, write to the Free
  ~ Software Foundation, Inc., 51 Franklin St, Fifth Floor, Boston, MA
  ~ 02110-1301 USA, or see the FSF site: http://www.fsf.org.
  -->
<module name="org.wildfly.clustering.web.hotrod" xmlns="urn:jboss:module:1.5">
    <properties>
        <property name="jboss.api" value="private"/>
    </properties>

    <exports>
        <exclude path="org/wildfly/clustering/web/hotrod/logging"/>
    </exports>

    <resources>
        <artifact name="org.wildfly:wildfly-clustering-web-hotrod:21.0.0.Beta1-SNAPSHOT"/>
    </resources>

    <dependencies>
        <module name="javax.transaction.api"/>

        <module name="com.github.ben-manes.caffeine"/>
        <module name="org.infinispan.client.hotrod"/>
        <module name="org.infinispan.commons"/>
        <module name="org.jboss.as.clustering.common"/>
        <module name="org.jboss.as.controller"/>
        <module name="org.jboss.logging"/>
        <module name="org.jboss.marshalling"/>
        <module name="org.jboss.msc"/>
        <module name="org.wildfly.clustering.api"/>
        <module name="org.wildfly.clustering.ee.cache" services="import"/>
        <module name="org.wildfly.clustering.ee.hotrod"/>
        <module name="org.wildfly.clustering.ee.spi"/>
        <module name="org.wildfly.clustering.infinispan.client"/>
        <module name="org.wildfly.clustering.marshalling.api"/>
        <module name="org.wildfly.clustering.marshalling.jboss" services="import"/>
        <module name="org.wildfly.clustering.marshalling.spi"/>
        <module name="org.wildfly.clustering.service"/>
        <module name="org.wildfly.clustering.web.cache" services="import"/>
        <module name="org.wildfly.clustering.web.spi"/>
        <!-- Enable dynamic loading of single sign-on class tables -->
        <module name="org.wildfly.clustering.web.undertow" services="import" optional="true"/>
        <module name="org.wildfly.common"/>
    </dependencies>
</module>
