<?xml version="1.0" ?>

<feature-spec xmlns="urn:jboss:galleon:feature-spec:1.0" name="subsystem.infinispan.remote-cache-container.component.transaction">
    <annotation name="jboss-op">
        <elem name="name" value="add"/>
        <elem name="op-params" value="mode,timeout"/>
        <elem name="addr-params" value="profile,subsystem,remote-cache-container,component"/>
    </annotation>
    <annotation name="feature-branch">
        <elem name="id" value="subsystem.infinispan"/>
    </annotation>
    <requires>
        <capability name="$profile.org.wildfly.transactions.global-default-local-provider"/>
    </requires>
    <refs>
        <ref feature="subsystem.infinispan.remote-cache-container"/>
        <ref feature="subsystem.infinispan"/>
        <ref feature="profile" nillable="true"/>
    </refs>
    <params>
        <param name="mode" nillable="true"/>
        <param name="subsystem" feature-id="true" default="infinispan"/>
        <param name="component" feature-id="true" default="transaction"/>
        <param name="timeout" nillable="true"/>
        <param name="remote-cache-container" feature-id="true"/>
        <param name="profile" feature-id="true" default="GLN_UNDEFINED"/>
    </params>
</feature-spec>