<?xml version="1.0" encoding="UTF-8"?>

<!--
  ~ JBoss, Home of Professional Open Source.
  ~ Copyright 2016, Red Hat, Inc., and individual contributors
  ~ as indicated by the @author tags. See the copyright.txt file in the
  ~ distribution for a full listing of individual contributors.
  ~
  ~ This is free software; you can redistribute it and/or modify it
  ~ under the terms of the GNU Lesser General Public License as
  ~ published by the Free Software Foundation; either version 2.1 of
  ~ the License, or (at your option) any later version.
  ~
  ~ This software is distributed in the hope that it will be useful,
  ~ but WITHOUT ANY WARRANTY; without even the implied warranty of
  ~ MERCHANTABILITY or FITNESS FOR A PARTICULAR PURPOSE. See the GNU
  ~ Lesser General Public License for more details.
  ~
  ~ You should have received a copy of the GNU Lesser General Public
  ~ License along with this software; if not, write to the Free
  ~ Software Foundation, Inc., 51 Franklin St, Fifth Floor, Boston, MA
  ~ 2110-1301 USA, or see the FSF site: http://www.fsf.org.
  -->

<module xmlns="urn:jboss:module:1.5" name="org.wildfly.http-client.ejb">

    <resources>
        <artifact name="${org.wildfly.wildfly-http-client:wildfly-http-ejb-client}"/>
    </resources>

    <dependencies>
        <module name="javax.ejb.api"/>
        <module name="javax.transaction.api"/>
        <module name="org.wildfly.http-client.common"/>
        <module name="org.wildfly.http-client.naming"/>
        <module name="org.wildfly.client.config"/>
        <module name="org.wildfly.naming-client" />
        <module name="org.jboss.ejb-client" />
        <module name="javax.transaction.api"/>
        <module name="io.undertow.core" />
        <module name="org.jboss.logging"/>
        <module name="org.jboss.marshalling" />
        <module name="org.jboss.marshalling.river" />
        <module name="org.wildfly.security.elytron"/>
        <module name="org.wildfly.http-client.transaction" />
        <module name="org.wildfly.transaction.client" />
        <module name="org.jboss.xnio"/>
    </dependencies>
</module>
