<?xml version="1.0" ?>

<feature-spec xmlns="urn:jboss:galleon:feature-spec:1.0" name="subsystem.messaging-activemq.server.ha-policy.shared-store-master">
    <annotation name="jboss-op">
        <elem name="name" value="add"/>
        <elem name="op-params" value="failover-on-server-shutdown"/>
        <elem name="addr-params" value="profile,subsystem,server,ha-policy"/>
    </annotation>
    <annotation name="feature-branch">
        <elem name="id" value="subsystem.messaging-activemq"/>
    </annotation>
    <refs>
        <ref feature="subsystem.messaging-activemq.server"/>
        <ref feature="subsystem.messaging-activemq"/>
        <ref feature="profile" nillable="true"/>
    </refs>
    <params>
        <param name="failover-on-server-shutdown" nillable="true"/>
        <param name="subsystem" feature-id="true" default="messaging-activemq"/>
        <param name="server" feature-id="true"/>
        <param name="ha-policy" feature-id="true" default="shared-store-master"/>
        <param name="profile" feature-id="true" default="GLN_UNDEFINED"/>
    </params>
</feature-spec>