<?xml version="1.0" ?>

<feature-spec xmlns="urn:jboss:galleon:feature-spec:1.0" name="subsystem.infinispan.remote-cache-container.thread-pool.async">
    <annotation name="jboss-op">
        <elem name="name" value="add"/>
        <elem name="op-params" value="min-threads,max-threads,queue-length,keepalive-time"/>
        <elem name="addr-params" value="profile,subsystem,remote-cache-container,thread-pool"/>
    </annotation>
    <annotation name="feature-branch">
        <elem name="id" value="subsystem.infinispan"/>
    </annotation>
    <refs>
        <ref feature="subsystem.infinispan.remote-cache-container"/>
        <ref feature="subsystem.infinispan"/>
        <ref feature="profile" nillable="true"/>
    </refs>
    <params>
        <param name="min-threads" nillable="true"/>
        <param name="keepalive-time" nillable="true"/>
        <param name="profile" feature-id="true" default="GLN_UNDEFINED"/>
        <param name="subsystem" feature-id="true" default="infinispan"/>
        <param name="thread-pool" feature-id="true" default="async"/>
        <param name="max-threads" nillable="true"/>
        <param name="remote-cache-container" feature-id="true"/>
        <param name="queue-length" nillable="true"/>
    </params>
</feature-spec>