<?xml version="1.0" ?>

<feature-spec xmlns="urn:jboss:galleon:feature-spec:1.0" name="subsystem.jgroups.stack.transport.thread-pool.default">
    <annotation name="jboss-op">
        <elem name="name" value="add"/>
        <elem name="op-params" value="min-threads,max-threads,keepalive-time,queue-length"/>
        <elem name="addr-params" value="profile,subsystem,stack,transport,thread-pool"/>
    </annotation>
    <annotation name="feature-branch">
        <elem name="id" value="subsystem.jgroups"/>
    </annotation>
    <refs>
        <ref feature="subsystem.jgroups.stack.transport"/>
        <ref feature="subsystem.jgroups.stack"/>
        <ref feature="subsystem.jgroups"/>
        <ref feature="profile" nillable="true"/>
    </refs>
    <params>
        <param name="stack" feature-id="true"/>
        <param name="min-threads" nillable="true"/>
        <param name="keepalive-time" nillable="true"/>
        <param name="profile" feature-id="true" default="GLN_UNDEFINED"/>
        <param name="subsystem" feature-id="true" default="jgroups"/>
        <param name="thread-pool" feature-id="true" default="default"/>
        <param name="transport" feature-id="true"/>
        <param name="max-threads" nillable="true"/>
        <param name="queue-length" nillable="true"/>
    </params>
</feature-spec>