<?xml version="1.0" ?>

<feature-spec xmlns="urn:jboss:galleon:feature-spec:1.0" name="subsystem.ejb3.cache">
    <annotation name="jboss-op">
        <elem name="name" value="add"/>
        <elem name="op-params" value="aliases,passivation-store"/>
        <elem name="addr-params" value="profile,subsystem,cache"/>
    </annotation>
    <annotation name="feature-branch">
        <elem name="id" value="subsystem.ejb3"/>
    </annotation>
    <refs>
        <ref feature="subsystem.ejb3"/>
        <ref feature="profile" nillable="true"/>
    </refs>
    <params>
        <param name="subsystem" feature-id="true" default="ejb3"/>
        <param name="cache" feature-id="true"/>
        <param name="aliases" nillable="true" type="List&lt;String&gt;"/>
        <param name="passivation-store" nillable="true"/>
        <param name="profile" feature-id="true" default="GLN_UNDEFINED"/>
    </params>
</feature-spec>