<?xml version="1.0" encoding="UTF-8"?>
<!--
  ~ JBoss, Home of Professional Open Source.
  ~ Copyright 2010, Red Hat, Inc., and individual contributors
  ~ as indicated by the @author tags. See the copyright.txt file in the
  ~ distribution for a full listing of individual contributors.
  ~
  ~ This is free software; you can redistribute it and/or modify it
  ~ under the terms of the GNU Lesser General Public License as
  ~ published by the Free Software Foundation; either version 2.1 of
  ~ the License, or (at your option) any later version.
  ~
  ~ This software is distributed in the hope that it will be useful,
  ~ but WITHOUT ANY WARRANTY; without even the implied warranty of
  ~ MERCHANTABILITY or FITNESS FOR A PARTICULAR PURPOSE. See the GNU
  ~ Lesser General Public License for more details.
  ~
  ~ You should have received a copy of the GNU Lesser General Public
  ~ License along with this software; if not, write to the Free
  ~ Software Foundation, Inc., 51 Franklin St, Fifth Floor, Boston, MA
  ~ 02110-1301 USA, or see the FSF site: http://www.fsf.org.
  -->
<module name="org.jboss.narayana.rts" xmlns="urn:jboss:module:1.5">
    <resources>
        <artifact name="org.jboss.narayana.rts:restat-api:5.10.5.Final"/>
        <artifact name="org.jboss.narayana.rts:restat-util:5.10.5.Final"/>
        <artifact name="org.jboss.narayana.rts:restat-integration:5.10.5.Final"/>
        <artifact name="org.jboss.narayana.rts:restat-bridge:5.10.5.Final"/>
    </resources>

    <dependencies>
        <module name="org.jboss.resteasy.resteasy-jaxrs"/>
        <module name="org.jboss.resteasy.resteasy-jaxb-provider"/>
        <module name="org.jboss.resteasy.resteasy-jettison-provider"/>
        <module name="javax.api"/>
        <module name="javax.transaction.api"/>
        <module name="javax.resource.api"/>
        <module name="javax.ws.rs.api" services="export"/>
        <module name="javax.servlet.api"/>
        <module name="javax.xml.bind.api"/>
        <module name="javax.ejb.api"/>
        <module name="org.jboss.jts"/>
        <module name="org.wildfly.extension.rts" export="true">
            <imports>
                <include path="org/wildfly/extension/rts/jaxrs"/>
            </imports>
        </module>
        <module name="org.jboss.logging"/>

        <!-- TODO WFLY-5966 validate the need for these and remove if not needed.
             Prior to WFLY-5922 they were exported by javax.ejb.api. -->
        <module name="javax.xml.rpc.api"/>
        <module name="javax.rmi.api"/>
        <module name="org.omg.api"/>
    </dependencies>
</module>
