<?xml version="1.0" ?>

<feature-spec xmlns="urn:jboss:galleon:feature-spec:1.0" name="subsystem.picketlink-identity-management.partition-manager.identity-configuration.jpa-store">
    <annotation name="jboss-op">
        <elem name="name" value="add"/>
        <elem name="op-params" value="data-source,entity-manager-factory,entity-module,entity-module-unit-name,support-attribute,support-credential"/>
        <elem name="addr-params" value="profile,subsystem,partition-manager,identity-configuration,jpa-store"/>
    </annotation>
    <annotation name="feature-branch">
        <elem name="id" value="subsystem.picketlink-identity-management"/>
    </annotation>
    <refs>
        <ref feature="subsystem.picketlink-identity-management.partition-manager.identity-configuration"/>
        <ref feature="subsystem.picketlink-identity-management.partition-manager"/>
        <ref feature="subsystem.picketlink-identity-management"/>
        <ref feature="profile" nillable="true"/>
    </refs>
    <params>
        <param name="support-credential" nillable="true"/>
        <param name="support-attribute" nillable="true"/>
        <param name="jpa-store" feature-id="true"/>
        <param name="entity-manager-factory" nillable="true"/>
        <param name="entity-module-unit-name" nillable="true"/>
        <param name="profile" feature-id="true" default="GLN_UNDEFINED"/>
        <param name="partition-manager" feature-id="true"/>
        <param name="data-source" nillable="true"/>
        <param name="subsystem" feature-id="true" default="picketlink-identity-management"/>
        <param name="identity-configuration" feature-id="true"/>
        <param name="entity-module" nillable="true"/>
    </params>
</feature-spec>