<?xml version="1.0" encoding="UTF-8"?>

<!--
  ~ JBoss, Home of Professional Open Source.
  ~ Copyright 2016, Red Hat, Inc., and individual contributors
  ~ as indicated by the @author tags. See the copyright.txt file in the
  ~ distribution for a full listing of individual contributors.
  ~
  ~ This is free software; you can redistribute it and/or modify it
  ~ under the terms of the GNU Lesser General Public License as
  ~ published by the Free Software Foundation; either version 2.1 of
  ~ the License, or (at your option) any later version.
  ~
  ~ This software is distributed in the hope that it will be useful,
  ~ but WITHOUT ANY WARRANTY; without even the implied warranty of
  ~ MERCHANTABILITY or FITNESS FOR A PARTICULAR PURPOSE. See the GNU
  ~ Lesser General Public License for more details.
  ~
  ~ You should have received a copy of the GNU Lesser General Public
  ~ License along with this software; if not, write to the Free
  ~ Software Foundation, Inc., 51 Franklin St, Fifth Floor, Boston, MA
  ~ 02110-1301 USA, or see the FSF site: http://www.fsf.org.
  -->

<module xmlns="urn:jboss:module:1.3" name="org.apache.activemq.artemis.journal">
    <resources>
        <resource-root path="lib"/>
        <artifact name="${org.apache.activemq:artemis-commons}"/>
        <artifact name="${org.apache.activemq:artemis-journal}"/>
        <artifact name="${org.apache.activemq:activemq-artemis-native}"/>
    </resources>

    <dependencies>
        <!-- required for ARTEMIS-298 -->
        <module name="com.google.guava"/>
        <module name="javax.api"/>
        <module name="org.apache.commons.beanutils" />
        <module name="org.jboss.logging"/>
        <module name="io.netty"/>
        <!-- https://issues.jboss.org/browse/AS7-4936  this is to avoid an issue on IBM JDK -->
        <module name="sun.jdk"/>

        <!-- WFLY-6301 This module can be used to load user-created classes that are
             used by Artemis resources (e.g. connector-service, transformers, etc.)
        -->
        <module name="org.apache.activemq.artemis.addons" optional="true" />
    </dependencies>
</module>
