<?xml version="1.0" encoding="UTF-8"?>
<feature-group-spec name="domain-profile" xmlns="urn:jboss:galleon:feature-group:1.0">

    <origin name="org.wildfly.core:wildfly-core-galleon-pack">
        <feature-group name="domain-profile">
            <include feature-id="subsystem.logging.root-logger.ROOT:subsystem=logging,root-logger=ROOT">
                <param name="handlers" value="[FILE]"/>
            </include>
            <exclude spec="subsystem.logging.console-handler"/>
            <exclude spec="subsystem.discovery"/>
            <exclude spec="subsystem.jmx.remoting-connector.jmx"/>
        </feature-group>
    </origin>

    <feature-group name="basic-profile"/>

</feature-group-spec>
