<?xml version="1.0" encoding="UTF-8"?>
<feature-group-spec name="host-master" xmlns="urn:jboss:galleon:feature-group:1.0">

    <origin name="org.wildfly.core:wildfly-core-galleon-pack">
        <feature-group name="host-master"/>
    </origin>

    <feature spec="host">
        <param name="host" value="master"/>

        <feature spec="core-service.management.security-realm">
            <param name="security-realm" value="ApplicationRealm"/>
            <feature spec="core-service.management.security-realm.server-identity.ssl">
                <param name="keystore-path" value="application.keystore"/>
                <param name="keystore-relative-to" value="jboss.domain.config.dir"/>
                <param name="keystore-password" value="password"/>
                <param name="key-password" value="password"/>
                <param name="alias" value="server"/>
                <param name="generate-self-signed-certificate-host" value="localhost"/>
            </feature>
        </feature>

        <feature spec="host.core-service.management.management-interface.http-interface">
            <param name="security-realm" value="ManagementRealm"/>
            <param name="interface" value="management"/>
            <param name="port" value="${jboss.management.http.port:9990}"/>
            <feature spec="host.core-service.management.management-interface.http-interface.http-upgrade">
                <param name="enabled" value="true"/>
            </feature>
        </feature>

        <feature spec="host.jvm">
            <param name="jvm" value="default"/>
            <param name="heap-size" value="64m"/>
            <param name="max-heap-size" value="256m"/>
            <param name="jvm-options" value="[&quot;-server&quot;,&quot;-XX:MetaspaceSize=96m&quot;,&quot;-XX:MaxMetaspaceSize=256m&quot;]"/>
            <unset param="environment-variables"/>
        </feature>
    </feature>

</feature-group-spec>
