<?xml version="1.0" encoding="UTF-8"?>
<feature-group-spec name="security-realms" xmlns="urn:jboss:galleon:feature-group:1.0">

    <origin name="org.wildfly.core:wildfly-core-galleon-pack">
        <feature-group name="standalone-security-realms"/>
    </origin>

    <feature spec="core-service.management">
        <feature spec="core-service.management.security-realm">
            <param name="security-realm" value="ManagementRealm"/>
            <feature spec="core-service.management.security-realm.authentication.local">
                <param name="skip-group-loading" value="true"/>
            </feature>
        </feature>
        <feature spec="core-service.management.security-realm">
            <param name="security-realm" value="ApplicationRealm"/>
            <feature spec="core-service.management.security-realm.authentication.local">
                <param name="skip-group-loading" value="true"/>
            </feature>
        </feature>
    </feature>
</feature-group-spec>
