<?xml version="1.0" encoding="UTF-8"?>
<feature-group-spec name="standalone-load-balancer" xmlns="urn:jboss:galleon:feature-group:1.0">

    <feature spec="socket-binding-group">
        <param name="socket-binding-group" value="standard-sockets"/>
        <param name="default-interface" value="public" />
        <param name="port-offset" value="${jboss.socket.binding.port-offset:0}"/>
        <feature-group name="management-sockets"/>
        <feature-group name="load-balancer-sockets"/>
    </feature>

    <feature-group name="logging"/>
    <feature-group name="io"/>

    <feature-group name="security-realms"/>
    <feature-group name="management-audit"/>

    <feature-group name="interfaces"/>
    <feature-group name="private-interface"/>

    <feature-group name="management-interfaces"/>
    <feature-group name="access-control"/>

    <feature-group name="undertow-load-balancer"/>
</feature-group-spec>
