<?xml version="1.0" encoding="UTF-8" standalone="no"?>
<licenseSummary>
  <dependencies>
    <dependency>
      <groupId>com.fasterxml.jackson.dataformat</groupId>
      <artifactId>jackson-dataformat-yaml</artifactId>
      <version>2.10.4</version>
      <licenses>
        <license>
          <name>Apache License 2.0</name>
          <url>http://www.apache.org/licenses/LICENSE-2.0</url>
          <distribution>repo</distribution>
        </license>
      </licenses>
    </dependency>
    <dependency>
      <groupId>io.smallrye</groupId>
      <artifactId>smallrye-fault-tolerance</artifactId>
      <version>4.2.1</version>
      <licenses>
        <license>
          <name>Apache License 2.0</name>
          <url>http://www.apache.org/licenses/LICENSE-2.0</url>
          <distribution>repo</distribution>
        </license>
      </licenses>
    </dependency>
    <dependency>
      <groupId>io.smallrye</groupId>
      <artifactId>smallrye-fault-tolerance-core</artifactId>
      <version>4.2.1</version>
      <licenses>
        <license>
          <name>Apache License 2.0</name>
          <url>http://www.apache.org/licenses/LICENSE-2.0</url>
          <distribution>repo</distribution>
        </license>
      </licenses>
    </dependency>
    <dependency>
      <groupId>io.smallrye</groupId>
      <artifactId>smallrye-jwt</artifactId>
      <version>2.0.13</version>
      <licenses>
        <license>
          <name>Apache License 2.0</name>
          <url>http://www.apache.org/licenses/LICENSE-2.0</url>
          <distribution>repo</distribution>
        </license>
      </licenses>
    </dependency>
    <dependency>
      <groupId>io.smallrye</groupId>
      <artifactId>smallrye-open-api</artifactId>
      <version>1.2.3</version>
      <licenses>
        <license>
          <name>Apache License 2.0</name>
          <url>http://www.apache.org/licenses/LICENSE-2.0</url>
          <distribution>repo</distribution>
        </license>
      </licenses>
    </dependency>
    <dependency>
      <groupId>org.bitbucket.b_c</groupId>
      <artifactId>jose4j</artifactId>
      <version>0.7.0</version>
      <licenses>
        <license>
          <name>Apache License 2.0</name>
          <url>http://www.apache.org/licenses/LICENSE-2.0</url>
          <distribution>repo</distribution>
        </license>
      </licenses>
    </dependency>
    <dependency>
      <groupId>org.eclipse.microprofile.fault-tolerance</groupId>
      <artifactId>microprofile-fault-tolerance-api</artifactId>
      <version>2.1.1</version>
      <licenses>
        <license>
          <name>Apache License 2.0</name>
          <url>http://www.apache.org/licenses/LICENSE-2.0</url>
          <distribution>repo</distribution>
        </license>
      </licenses>
    </dependency>
    <dependency>
      <groupId>org.eclipse.microprofile.jwt</groupId>
      <artifactId>microprofile-jwt-auth-api</artifactId>
      <version>1.1.1</version>
      <licenses>
        <license>
          <name>Apache License 2.0</name>
          <url>http://www.apache.org/licenses/LICENSE-2.0</url>
          <distribution>repo</distribution>
        </license>
      </licenses>
    </dependency>
    <dependency>
      <groupId>org.eclipse.microprofile.openapi</groupId>
      <artifactId>microprofile-openapi-api</artifactId>
      <version>1.1.2</version>
      <licenses>
        <license>
          <name>Apache License 2.0</name>
          <url>http://www.apache.org/licenses/LICENSE-2.0</url>
          <distribution>repo</distribution>
        </license>
      </licenses>
    </dependency>
    <dependency>
      <groupId>org.wildfly</groupId>
      <artifactId>wildfly-microprofile-fault-tolerance-smallrye-executor</artifactId>
      <version>21.0.0.Beta1-SNAPSHOT</version>
      <licenses>
        <license>
          <name>GNU Lesser General Public License v2.1 or later</name>
          <url>http://repository.jboss.org/licenses/lgpl-2.1.txt</url>
          <distribution>repo</distribution>
        </license>
      </licenses>
    </dependency>
    <dependency>
      <groupId>org.wildfly</groupId>
      <artifactId>wildfly-microprofile-fault-tolerance-smallrye-extension</artifactId>
      <version>21.0.0.Beta1-SNAPSHOT</version>
      <licenses>
        <license>
          <name>GNU Lesser General Public License v2.1 or later</name>
          <url>http://repository.jboss.org/licenses/lgpl-2.1.txt</url>
          <distribution>repo</distribution>
        </license>
      </licenses>
    </dependency>
    <dependency>
      <groupId>org.wildfly</groupId>
      <artifactId>wildfly-microprofile-jwt-smallrye</artifactId>
      <version>21.0.0.Beta1-SNAPSHOT</version>
      <licenses>
        <license>
          <name>GNU Lesser General Public License v2.1 or later</name>
          <url>http://repository.jboss.org/licenses/lgpl-2.1.txt</url>
          <distribution>repo</distribution>
        </license>
      </licenses>
    </dependency>
    <dependency>
      <groupId>org.wildfly</groupId>
      <artifactId>wildfly-microprofile-openapi-smallrye</artifactId>
      <version>21.0.0.Beta1-SNAPSHOT</version>
      <licenses>
        <license>
          <name>GNU Lesser General Public License v2.1 or later</name>
          <url>http://repository.jboss.org/licenses/lgpl-2.1.txt</url>
          <distribution>repo</distribution>
        </license>
      </licenses>
    </dependency>
    <dependency>
      <groupId>org.wildfly.security</groupId>
      <artifactId>wildfly-elytron-jwt</artifactId>
      <version>1.13.0.CR1</version>
      <licenses>
        <license>
          <name>Apache License 2.0</name>
          <url>http://www.apache.org/licenses/LICENSE-2.0</url>
          <distribution>repo</distribution>
        </license>
      </licenses>
    </dependency>
  </dependencies>
</licenseSummary>
