<?xml version="1.0" ?>

<feature-spec xmlns="urn:jboss:galleon:feature-spec:1.0" name="subsystem.ejb3">
    <annotation name="jboss-op">
        <elem name="name" value="add"/>
        <elem name="op-params" value="allow-ejb-name-regex,client-interceptors,default-clustered-sfsb-cache,default-distinct-name,default-entity-bean-instance-pool,default-entity-bean-optimistic-locking,default-mdb-instance-pool,default-missing-method-permissions-deny-access,default-resource-adapter-name,default-security-domain,default-sfsb-cache,default-sfsb-passivation-disabled-cache,default-singleton-bean-access-timeout,default-slsb-instance-pool,default-stateful-bean-access-timeout,default-stateful-bean-session-timeout,disable-default-ejb-permissions,enable-graceful-txn-shutdown,enable-statistics,in-vm-remote-interface-invocation-pass-by-value,log-system-exceptions,server-interceptors,statistics-enabled"/>
        <elem name="addr-params" value="profile,subsystem"/>
    </annotation>
    <annotation name="feature-branch">
        <elem name="id" value="subsystem.ejb3"/>
    </annotation>
    <provides>
        <capability name="$profile.org.wildfly.ejb3.remote.client-configurator"/>
        <capability name="$profile.org.wildfly.ejb3"/>
        <capability name="$profile.org.wildfly.ejb3.clustered.singleton"/>
    </provides>
    <requires>
        <capability name="$profile.org.wildfly.transactions.global-default-local-provider"/>
    </requires>
    <refs>
        <ref feature="extension" include="true"/>
        <ref feature="profile" nillable="true"/>
    </refs>
    <params>
        <param name="default-stateful-bean-access-timeout" nillable="true"/>
        <param name="extension" default="org.jboss.as.ejb3"/>
        <param name="enable-statistics" nillable="true"/>
        <param name="default-missing-method-permissions-deny-access" nillable="true"/>
        <param name="default-sfsb-passivation-disabled-cache" nillable="true"/>
        <param name="subsystem" feature-id="true" default="ejb3"/>
        <param name="default-security-domain" nillable="true"/>
        <param name="statistics-enabled" nillable="true"/>
        <param name="disable-default-ejb-permissions" nillable="true"/>
        <param name="default-clustered-sfsb-cache" nillable="true"/>
        <param name="default-distinct-name" nillable="true"/>
        <param name="allow-ejb-name-regex" nillable="true"/>
        <param name="client-interceptors" nillable="true"/>
        <param name="host" default="GLN_UNDEFINED"/>
        <param name="default-resource-adapter-name" nillable="true"/>
        <param name="default-singleton-bean-access-timeout" nillable="true"/>
        <param name="default-stateful-bean-session-timeout" nillable="true"/>
        <param name="profile" feature-id="true" default="GLN_UNDEFINED"/>
        <param name="default-sfsb-cache" nillable="true"/>
        <param name="default-slsb-instance-pool" nillable="true"/>
        <param name="in-vm-remote-interface-invocation-pass-by-value" nillable="true"/>
        <param name="log-system-exceptions" nillable="true"/>
        <param name="default-entity-bean-instance-pool" nillable="true"/>
        <param name="default-mdb-instance-pool" nillable="true"/>
        <param name="default-entity-bean-optimistic-locking" nillable="true"/>
        <param name="enable-graceful-txn-shutdown" nillable="true"/>
        <param name="server-interceptors" nillable="true"/>
    </params>
    <packages>
        <package name="org.jboss.as.ejb3"/>
    </packages>
</feature-spec>