<?xml version="1.0" ?>

<feature-spec xmlns="urn:jboss:galleon:feature-spec:1.0" name="subsystem.messaging-activemq.server.bridge.credential-reference">
    <annotation name="jboss-op">
        <elem name="name" value="write-attribute"/>
        <elem name="op-params" value="store,alias,type,clear-text"/>
        <elem name="complex-attribute" value="credential-reference"/>
        <elem name="addr-params" value="profile,subsystem,server,bridge"/>
    </annotation>
    <annotation name="feature-branch">
        <elem name="id" value="subsystem.messaging-activemq"/>
    </annotation>
    <refs>
        <ref feature="subsystem.messaging-activemq.server.bridge"/>
        <ref feature="profile" nillable="true"/>
    </refs>
    <params>
        <param name="server" feature-id="true"/>
        <param name="profile" feature-id="true" default="GLN_UNDEFINED"/>
        <param name="subsystem" feature-id="true" default="messaging-activemq"/>
        <param name="alias" nillable="true"/>
        <param name="bridge" feature-id="true"/>
        <param name="store" nillable="true"/>
        <param name="type" nillable="true"/>
        <param name="clear-text" nillable="true"/>
    </params>
</feature-spec>