<?xml version="1.0" ?>

<feature-spec xmlns="urn:jboss:galleon:feature-spec:1.0" name="subsystem.messaging-activemq.server.divert">
    <annotation name="jboss-op">
        <elem name="name" value="add"/>
        <elem name="op-params" value="divert-address,exclusive,filter,forwarding-address,routing-name,transformer-class-name"/>
        <elem name="addr-params" value="profile,subsystem,server,divert"/>
    </annotation>
    <annotation name="feature-branch">
        <elem name="id" value="subsystem.messaging-activemq"/>
    </annotation>
    <refs>
        <ref feature="subsystem.messaging-activemq.server"/>
        <ref feature="subsystem.messaging-activemq"/>
        <ref feature="profile" nillable="true"/>
    </refs>
    <params>
        <param name="filter" nillable="true"/>
        <param name="server" feature-id="true"/>
        <param name="routing-name" nillable="true"/>
        <param name="divert" feature-id="true"/>
        <param name="forwarding-address"/>
        <param name="profile" feature-id="true" default="GLN_UNDEFINED"/>
        <param name="subsystem" feature-id="true" default="messaging-activemq"/>
        <param name="exclusive" nillable="true"/>
        <param name="transformer-class-name" nillable="true"/>
        <param name="divert-address"/>
    </params>
</feature-spec>