<?xml version='1.0' encoding='UTF-8'?>
<!--  See src/resources/configuration/ReadMe.txt for how the configuration assembly works -->
<config default-supplement="default">
   <extension-module>org.jboss.as.ee</extension-module>
    <subsystem xmlns="urn:jboss:domain:ee:5.0">
        <spec-descriptor-property-replacement>false</spec-descriptor-property-replacement>
        <concurrent>
            <context-services>
                <context-service name="default" jndi-name="java:jboss/ee/concurrency/context/default" use-transaction-setup-provider="@@use-transaction-setup-provider@@"/>
            </context-services>
            <managed-thread-factories>
                <managed-thread-factory name="default" jndi-name="java:jboss/ee/concurrency/factory/default" context-service="default"/>
            </managed-thread-factories>
            <managed-executor-services>
                <managed-executor-service name="default" jndi-name="java:jboss/ee/concurrency/executor/default" context-service="default" hung-task-threshold="60000" keepalive-time="5000" />
            </managed-executor-services>
            <managed-scheduled-executor-services>
                <managed-scheduled-executor-service name="default" jndi-name="java:jboss/ee/concurrency/scheduler/default" context-service="default" hung-task-threshold="60000" keepalive-time="3000"/>
            </managed-scheduled-executor-services>
        </concurrent>
        <?DEFAULT_BINDINGS?>
    </subsystem>
    <supplement name="default">
        <replacement placeholder="@@use-transaction-setup-provider@@" attributeValue="true"/>
        <replacement placeholder="DEFAULT_BINDINGS">
            <default-bindings context-service="java:jboss/ee/concurrency/context/default"
                              datasource="java:jboss/datasources/ExampleDS"
                              managed-executor-service="java:jboss/ee/concurrency/executor/default"
                              managed-scheduled-executor-service="java:jboss/ee/concurrency/scheduler/default"
                              managed-thread-factory="java:jboss/ee/concurrency/factory/default"/>
        </replacement>
    </supplement>
    <supplement name="full">
        <replacement placeholder="@@use-transaction-setup-provider@@" attributeValue="true"/>
        <replacement placeholder="DEFAULT_BINDINGS">
            <default-bindings context-service="java:jboss/ee/concurrency/context/default"
                              datasource="java:jboss/datasources/ExampleDS"
                              jms-connection-factory="java:jboss/DefaultJMSConnectionFactory"
                              managed-executor-service="java:jboss/ee/concurrency/executor/default"
                              managed-scheduled-executor-service="java:jboss/ee/concurrency/scheduler/default"
                              managed-thread-factory="java:jboss/ee/concurrency/factory/default"/>
        </replacement>
    </supplement>
    <supplement name="web-build">
        <replacement placeholder="@@use-transaction-setup-provider@@" attributeValue="false"/>
        <replacement placeholder="DEFAULT_BINDINGS">
            <default-bindings context-service="java:jboss/ee/concurrency/context/default"
                              managed-executor-service="java:jboss/ee/concurrency/executor/default"
                              managed-scheduled-executor-service="java:jboss/ee/concurrency/scheduler/default"
                              managed-thread-factory="java:jboss/ee/concurrency/factory/default"/>
        </replacement>
    </supplement>
</config>
