<?xml version="1.0" encoding="UTF-8"?>
<!--
  ~ JBoss, Home of Professional Open Source.
  ~ Copyright 2011, Red Hat, Inc., and individual contributors
  ~ as indicated by the @author tags. See the copyright.txt file in the
  ~ distribution for a full listing of individual contributors.
  ~
  ~ This is free software; you can redistribute it and/or modify it
  ~ under the terms of the GNU Lesser General Public License as
  ~ published by the Free Software Foundation; either version 2.1 of
  ~ the License, or (at your option) any later version.
  ~
  ~ This software is distributed in the hope that it will be useful,
  ~ but WITHOUT ANY WARRANTY; without even the implied warranty of
  ~ MERCHANTABILITY or FITNESS FOR A PARTICULAR PURPOSE. See the GNU
  ~ Lesser General Public License for more details.
  ~
  ~ You should have received a copy of the GNU Lesser General Public
  ~ License along with this software; if not, write to the Free
  ~ Software Foundation, Inc., 51 Franklin St, Fifth Floor, Boston, MA
  ~ 02110-1301 USA, or see the FSF site: http://www.fsf.org.
  -->
<module name="org.apache.ws.security" xmlns="urn:jboss:module:1.5">
    <resources>
        <artifact name="org.apache.wss4j:wss4j-bindings:2.2.5"/>
        <artifact name="org.apache.wss4j:wss4j-policy:2.2.5"/>
        <artifact name="org.apache.wss4j:wss4j-ws-security-common:2.2.5"/>
        <artifact name="org.apache.wss4j:wss4j-ws-security-dom:2.2.5"/>
        <artifact name="org.apache.wss4j:wss4j-ws-security-policy-stax:2.2.5"/>
        <artifact name="org.apache.wss4j:wss4j-ws-security-stax:2.2.5"/>
        <artifact name="org.jasypt:jasypt:1.9.3"/>
    </resources>

    <dependencies>
      <module name="javax.api"/>
      <module name="javax.xml.bind.api" services="import"/>
      <module name="com.sun.xml.bind" services="import"/>
      <module name="com.sun.xml.messaging.saaj" export="true" services="export"/>
      <module name="javax.xml.rpc.api"/>
      <module name="org.apache.commons.codec"/>
      <module name="org.apache.commons.logging"/>
      <module name="org.apache.neethi"/>
      <module name="org.apache.santuario.xmlsec"/>
      <module name="org.apache.xalan"/>
      <module name="org.joda.time"/>
      <module name="org.opensaml"/>
      <module name="org.slf4j"/>
    </dependencies>
</module>
