<?xml version="1.0" encoding="UTF-8"?>

<!--
  ~ JBoss, Home of Professional Open Source.
  ~ Copyright 2013, Red Hat, Inc., and individual contributors
  ~ as indicated by the @author tags. See the copyright.txt file in the
  ~ distribution for a full listing of individual contributors.
  ~
  ~ This is free software; you can redistribute it and/or modify it
  ~ under the terms of the GNU Lesser General Public License as
  ~ published by the Free Software Foundation; either version 2.1 of
  ~ the License, or (at your option) any later version.
  ~
  ~ This software is distributed in the hope that it will be useful,
  ~ but WITHOUT ANY WARRANTY; without even the implied warranty of
  ~ MERCHANTABILITY or FITNESS FOR A PARTICULAR PURPOSE. See the GNU
  ~ Lesser General Public License for more details.
  ~
  ~ You should have received a copy of the GNU Lesser General Public
  ~ License along with this software; if not, write to the Free
  ~ Software Foundation, Inc., 51 Franklin St, Fifth Floor, Boston, MA
  ~ 02110-1301 USA, or see the FSF site: http://www.fsf.org.
  -->

<module xmlns="urn:jboss:module:1.5" name="org.picketlink.federation">
    <!-- This module is deprecated and subject to being removed in a subsequent release. -->
    <properties>
        <property name="jboss.api" value="deprecated"/>
    </properties>

    <resources>
            <artifact name="${org.picketlink:picketlink-federation}"/>
    </resources>

    <dependencies>
        <module name="javax.security.auth.message.api" />
        <module name="javax.security.jacc.api" />
        <module name="javax.transaction.api" />
        <module name="javax.xml.bind.api" />
        <module name="javax.xml.stream.api" />
        <module name="javax.servlet.api" />
        <module name="org.jboss.logging" />
        <module name="org.jboss.as.web-common" />
        <module name="org.jboss.security.xacml" />
        <module name="org.picketbox" />
        <module name="javax.xml.ws.api" />
        <module name="org.apache.log4j" />
        <module name="org.apache.santuario.xmlsec">
            <imports>
                <exclude path="javax/*"/>
            </imports>
        </module>
        <module name="javax.api" />
        <module name="org.jboss.ws.api" />
        <module name="org.jboss.ws.spi" />
        <module name="org.apache.cxf" />
        <module name="org.picketlink.common" />
        <module name="org.picketlink.config">
            <imports>
                <exclude-set>
                    <path name="org.picketlink.config.idm" />
                </exclude-set>
            </imports>
        </module>
        <module name="org.bouncycastle" />
    </dependencies>

</module>
