<?xml version="1.0" ?>

<feature-spec xmlns="urn:jboss:galleon:feature-spec:1.0" name="subsystem.jca.workmanager">
    <annotation name="jboss-op">
        <elem name="name" value="add"/>
        <elem name="op-params" value="elytron-enabled,name"/>
        <elem name="addr-params" value="profile,subsystem,workmanager"/>
    </annotation>
    <annotation name="feature-branch">
        <elem name="id" value="subsystem.jca"/>
    </annotation>
    <refs>
        <ref feature="subsystem.jca"/>
        <ref feature="profile" nillable="true"/>
    </refs>
    <params>
        <param name="name"/>
        <param name="subsystem" feature-id="true" default="jca"/>
        <param name="elytron-enabled" nillable="true"/>
        <param name="workmanager" feature-id="true"/>
        <param name="profile" feature-id="true" default="GLN_UNDEFINED"/>
    </params>
</feature-spec>