<?xml version="1.0" ?>

<feature-spec xmlns="urn:jboss:galleon:feature-spec:1.0" name="subsystem.infinispan.cache-container.scattered-cache.component.locking">
    <annotation name="jboss-op">
        <elem name="name" value="add"/>
        <elem name="op-params" value="acquire-timeout,concurrency-level,isolation,striping"/>
        <elem name="addr-params" value="profile,subsystem,cache-container,scattered-cache,component"/>
    </annotation>
    <annotation name="feature-branch">
        <elem name="id" value="subsystem.infinispan"/>
    </annotation>
    <refs>
        <ref feature="subsystem.infinispan.cache-container.scattered-cache"/>
        <ref feature="subsystem.infinispan.cache-container"/>
        <ref feature="subsystem.infinispan"/>
        <ref feature="profile" nillable="true"/>
    </refs>
    <params>
        <param name="component" feature-id="true" default="locking"/>
        <param name="striping" nillable="true"/>
        <param name="profile" feature-id="true" default="GLN_UNDEFINED"/>
        <param name="cache-container" feature-id="true"/>
        <param name="subsystem" feature-id="true" default="infinispan"/>
        <param name="isolation" nillable="true"/>
        <param name="scattered-cache" feature-id="true"/>
        <param name="acquire-timeout" nillable="true"/>
        <param name="concurrency-level" nillable="true"/>
    </params>
</feature-spec>