<?xml version="1.0" ?>

<feature-spec xmlns="urn:jboss:galleon:feature-spec:1.0" name="subsystem.infinispan.cache-container.invalidation-cache.memory.off-heap">
    <annotation name="jboss-op">
        <elem name="name" value="add"/>
        <elem name="op-params" value="size-unit,size,capacity,eviction-type"/>
        <elem name="addr-params" value="profile,subsystem,cache-container,invalidation-cache,memory"/>
    </annotation>
    <annotation name="feature-branch">
        <elem name="id" value="subsystem.infinispan"/>
    </annotation>
    <refs>
        <ref feature="subsystem.infinispan.cache-container.invalidation-cache"/>
        <ref feature="subsystem.infinispan.cache-container"/>
        <ref feature="subsystem.infinispan"/>
        <ref feature="profile" nillable="true"/>
    </refs>
    <params>
        <param name="invalidation-cache" feature-id="true"/>
        <param name="memory" feature-id="true" default="off-heap"/>
        <param name="size" nillable="true"/>
        <param name="eviction-type" nillable="true"/>
        <param name="profile" feature-id="true" default="GLN_UNDEFINED"/>
        <param name="cache-container" feature-id="true"/>
        <param name="subsystem" feature-id="true" default="infinispan"/>
        <param name="size-unit" nillable="true"/>
        <param name="capacity" nillable="true"/>
    </params>
</feature-spec>