<?xml version="1.0" ?>

<feature-pack xmlns="urn:jboss:galleon:feature-pack:2.0" location="wildfly@maven(org.jboss.universe:community-universe):current#22.0.0.Beta1-SNAPSHOT">
    <transitive>
        <dependency location="org.wildfly.core:wildfly-core-galleon-pack:14.0.0.Beta1">
            <origin>org.wildfly.core:wildfly-core-galleon-pack</origin>
        </dependency>
        <dependency location="org.wildfly:wildfly-servlet-galleon-pack:22.0.0.Beta1-SNAPSHOT">
            <origin>org.wildfly:wildfly-servlet-galleon-pack</origin>
            <default-configs inherit="false">
                <include model="standalone" name="standalone-load-balancer.xml"/>
            </default-configs>
            <packages inherit="false">
                <exclude name="product.conf"/>
            </packages>
        </dependency>
    </transitive>
    <dependencies>
        <dependency location="org.wildfly:wildfly-ee-galleon-pack:22.0.0.Beta1-SNAPSHOT">
            <origin>org.wildfly:wildfly-ee-galleon-pack</origin>
            <default-configs inherit="false">
                <include model="host" name="host-master.xml"/>
                <include model="standalone" name="standalone-load-balancer.xml"/>
                <include model="host" name="host.xml"/>
                <include model="host" name="host-slave.xml"/>
            </default-configs>
            <packages inherit="false">
                <include name="appclient"/>
                <include name="docs"/>
                <include name="bin"/>
                <include name="product.conf"/>
            </packages>
        </dependency>
    </dependencies>
    <config model="standalone" name="standalone.xml"/>
    <config model="standalone" name="standalone-ha.xml"/>
    <config model="standalone" name="standalone-full.xml"/>
    <config model="standalone" name="standalone-full-ha.xml"/>
    <config model="standalone" name="standalone-load-balancer.xml"/>
    <config model="standalone" name="standalone-microprofile.xml"/>
    <config model="standalone" name="standalone-microprofile-ha.xml"/>
    <config model="domain" name="domain.xml"/>
    <config model="host" name="host.xml"/>
    <config model="host" name="host-master.xml"/>
    <config model="host" name="host-slave.xml"/>
    <default-packages>
        <package name="docs"/>
        <package name="docs.examples"/>
        <package name="docs.licenses.merge"/>
        <package name="modules.all"/>
    </default-packages>
    <plugins>
        <plugin id="wildfly-galleon-plugins" location="org.wildfly.galleon-plugins:wildfly-galleon-plugins:jar:5.0.0.Beta1"/>
    </plugins>
</feature-pack>